:020000041028C2
:1000000000000C2851C128100DDC2810F1D3281055
:1000100011DC281015DC281019DC28100000000065
:1000200000000000000000000000000065D528105E
:100030001DDC28100000000021DC281025DC281021
:1000400087BE2810ADBE2810D3BE2810F9BE2810D8
:100050001FBF281045BF28106BBF281091BF281064
:1000600029DC28102DDC281031DC281035DC281084
:1000700039DC28103DDC281041DC281045DC281034
:10008000F021274A01290EDB12F01F004118BFF3AF
:100090004F8F24480260203220390129F9DABFF35A
:1000A0004F8FBFF36F8F704710B5F0211C4C2200AB
:1000B00001290EDB12F01F004118BFF34F8F1948C2
:1000C0000260203220390129F9DABFF34F8FBFF3E4
:1000D0006F8F72B601F0D0FD134814490160002102
:1000E00006E000EB810204EB8103DB6C5360491CEA
:1000F0002929F6DB0E49C0F8A8105F21002001F085
:10010000D3FC002803D05F21002001F0EEFC2B225D
:100110005F21002001F088FD62B610BD00000000E4
:100120000010002870EF00E09C070828AA55AA5587
:100130004433221138B52DED028B86B02B225F217E
:10014000002001F02CFDDFF8344C2068DFF8301C73
:10015000884241F06884D4F8A800DFF8281C88425F
:1001600041F06184DFF84C0D02F084F8002007E0D4
:1001700004EB80014968DFF8402D42F82010401C54
:100180002928F5DBDFF8340D02F074F8DFF8284D8C
:1001900094ED020AB5EE400AF1EE10FA04D594EDA2
:1001A000020AB1EE400A01E094ED020AD4ED020A1F
:1001B000F5EE400AF1EE10FA06D5D4ED020AF1EEA2
:1001C000600AFDEEE00A03E0D4ED020AFDEEE00A6B
:1001D00094ED021AB5EE401AF1EE10FA06D594ED40
:1001E000021AB1EE411ABDEEC11A03E094ED021AF3
:1001F000BDEEC11AD4ED021AF5EE401AF1EE10FA76
:1002000001D5BEA000E0BEA0D4ED011AF5EE401A63
:10021000F1EE10FA04D5D4ED011AF1EE611A01E005
:10022000D4ED011A94ED012AB5EE402AF1EE10FA50
:1002300006D594ED012AB1EE422ABDEEC22A03E0B2
:1002400094ED012ABDEEC22AD4ED012AF5EE402A32
:10025000F1EE10FA06D5D4ED012AF1EE622AFDEE98
:10026000E22A03E0D4ED012AFDEEE22A94ED013A00
:10027000B5EE403AF1EE10FA01D5A0A200E0A0A23E
:1002800094ED003AB5EE403AF1EE10FA04D594ED53
:10029000003AB1EE433A01E094ED003AD4ED003A71
:1002A000F5EE403AF1EE10FA06D5D4ED003AF1EE53
:1002B000633AFDEEE33A03E0D4ED003AFDEEE33AB3
:1002C00094ED004AB5EE404AF1EE10FA06D594EDF1
:1002D000004AB1EE444ABDEEC44A03E094ED004A40
:1002E000BDEEC44AD4ED004AF5EE404AF1EE10FAF4
:1002F00001D582A100E082A19FED828AF8EEE00A9A
:1003000030EE600A20EE080ABDEEC00A8DED050A47
:100310008DED041A0390B8EEC20A31EEC00A20EE49
:10032000080ABDEEC00A8DED020ACDED012A009249
:10033000B8EEE30A33EE400A20EE080ABDEEC00A2A
:1003400010EE103A14EE102ADFF86C0C01F092FF58
:1003500094ED040AB5EE400AF1EE10FA04D594EDDE
:10036000040AB1EE400A01E094ED040AD4ED040A57
:10037000F5EE400AF1EE10FA06D5D4ED040AF1EEDE
:10038000600AFDEEE00A03E0D4ED040AFDEEE00AA7
:1003900094ED041AB5EE401AF1EE10FA06D594ED7C
:1003A000041AB1EE411ABDEEC11A03E094ED041A2D
:1003B000BDEEC11AD4ED041AF5EE401AF1EE10FAB2
:1003C00001D54EA000E04EA0D4ED031AF5EE401A80
:1003D000F1EE10FA04D5D4ED031AF1EE611A01E042
:1003E000D4ED031A94ED032AB5EE402AF1EE10FA8B
:1003F00006D594ED032AB1EE422ABDEEC22A03E0EF
:1004000094ED032ABDEEC22AD4ED032AF5EE402A6C
:10041000F1EE10FA06D5D4ED032AF1EE622AFDEED4
:10042000E22A03E0D4ED032AFDEEE22A94ED033A3A
:10043000B5EE403AF1EE10FA01D530A100E030A15E
:10044000F8EEE00A30EE600A20EE080ABDEEC00ABF
:100450008DED020A8DED011A0090B8EEC20A31EE60
:10046000C00A20EE080ABDEEC00A10EE103A12EEE5
:10047000902ADFF8480B01F0FDFEDFF8445B28000E
:1004800001F0F8FE94ED070AB5EE400AF1EE10FA1D
:1004900004D594ED070AB1EE400A01E094ED070A95
:1004A000D4ED070AF5EE400AF1EE10FA06D5D4EDC8
:1004B000070AF1EE600AFDEEE00A03E0D4ED070A58
:1004C000FDEEE00A94ED071AB5EE401AF1EE10FACF
:1004D00006D594ED071AB1EE411ABDEEC11A03E03C
:1004E00094ED071ABDEEC11AD4ED071AF5EE401AC5
:1004F000F1EE10FA08D501A007E000BF2D000000C2
:100500000000000000401C46C6A0D4ED061AF5EE1F
:10051000401AF1EE10FA04D5D4ED061AF1EE611A84
:1005200001E0D4ED061A94ED062AB5EE402AF1EE6C
:1005300010FA06D594ED062AB1EE422ABDEEC22A83
:1005400003E094ED062ABDEEC22AD4ED062AF5EEAC
:10055000402AF1EE10FA06D5D4ED062AF1EE622A11
:10056000FDEEE22A03E0D4ED062AFDEEE22A94ED48
:10057000063AB5EE403AF1EE10FA01D5C2A200E01B
:10058000A8A294ED053AB5EE403AF1EE10FA04D582
:1005900094ED053AB1EE433A01E094ED053AD4ED1D
:1005A000053AF5EE403AF1EE10FA06D5D4ED053AEB
:1005B000F1EE633AFDEEE33A03E0D4ED053AFDEEE9
:1005C000E33A94ED054AB5EE404AF1EE10FA06D54D
:1005D00094ED054AB1EE444ABDEEC44A03E094ED01
:1005E000054ABDEEC44AD4ED054AF5EE404AF1EEA7
:1005F00010FA01D5A4A100E08AA1F8EEE00A30EEDD
:10060000600A20EE080ABDEEC00A8DED050A8DEDE8
:10061000041A0390B8EEC20A31EEC00A20EE080AAE
:10062000BDEEC00A8DED020ACDED012A0092B8EEB2
:10063000E30A33EE400A20EE080ABDEEC00A10EECF
:10064000103A14EE102ADFF8E40C01F013FE94EDDA
:100650000A0AB5EE400AF1EE10FA04D594ED0A0A42
:10066000B1EE400A01E094ED0A0AD4ED0A0AF5EE73
:10067000400AF1EE10FA06D5D4ED0A0AF1EE600A4E
:10068000FDEEE00A03E0D4ED0A0AFDEEE00A94ED87
:100690000A1AB5EE401AF1EE10FA06D594ED0A1AD0
:1006A000B1EE411ABDEEC11A03E094ED0A1ABDEE97
:1006B000C11AD4ED0A1AF5EE401AF1EE10FA01D57E
:1006C00071A000E057A0D4ED091AF5EE401AF1EE42
:1006D00010FA04D5D4ED091AF1EE611A01E0D4ED57
:1006E000091A94ED092AB5EE402AF1EE10FA06D562
:1006F00094ED092AB1EE422ABDEEC22A03E094ED40
:10070000092ABDEEC22AD4ED092AF5EE402AF1EEFF
:1007100010FA06D5D4ED092AF1EE622AFDEEE22A9E
:1007200003E0D4ED092AFDEEE22A94ED093AB5EE94
:10073000403AF1EE10FA01D553A200E039A294ED4F
:10074000083AB5EE403AF1EE10FA04D594ED083AC5
:10075000B1EE433A01E094ED083AD4ED083AF5EEF3
:10076000403AF1EE10FA06D5D4ED083AF1EE633ACC
:10077000FDEEE33A03E0D4ED083AFDEEE33A94ED02
:10078000084AB5EE404AF1EE10FA06D594ED084A53
:10079000B1EE444ABDEEC44A03E094ED084ABDEE12
:1007A000C44AD4ED084AF5EE404AF1EE10FA01D5FC
:1007B00035A100E01BA1F8EEE00A30EE600A20EE61
:1007C000080ABDEEC00A8DED050A8DED041A0390EE
:1007D000B8EEC20A31EEC00A20EE080ABDEEC00A29
:1007E0008DED020ACDED012A0092B8EEE30A33EE58
:1007F000400A20EE080ABDEEC00A10EE103A14EED0
:10080000102ADFF8080D01F035FD94ED0D0AB5EE64
:10081000400AF1EE10FA07D594ED0D0AB1EE400A48
:1008200004E000BF0000000094ED0D0AD4ED0D0AB5
:10083000F5EE400AF1EE10FA06D5D4ED0D0AF1EE10
:10084000600AFDEEE00A03E0D4ED0D0AFDEEE00AD9
:1008500094ED0D1AB5EE401AF1EE10FA06D594EDAE
:100860000D1AB1EE411ABDEEC11A03E094ED0D1A56
:10087000BDEEC11AD4ED0D1AF5EE401AF1EE10FAE4
:1008800004D501A003E000BF2D000000C9A0D4EDF5
:100890000C1AF5EE401AF1EE10FA04D5D4ED0C1A4C
:1008A000F1EE611A01E0D4ED0C1A94ED0C2AB5EECC
:1008B000402AF1EE10FA06D594ED0C2AB1EE422A48
:1008C000BDEEC22A03E094ED0C2ABDEEC22AD4ED9F
:1008D0000C2AF5EE402AF1EE10FA06D5D4ED0C2ADA
:1008E000F1EE622AFDEEE22A03E0D4ED0C2AFDEEE1
:1008F000E22A94ED0C3AB5EE403AF1EE10FA01D549
:10090000C5A200E0ABA294ED0B3AB5EE403AF1EE91
:1009100010FA04D594ED0B3AB1EE433A01E094EDB0
:100920000B3AD4ED0B3AF5EE403AF1EE10FA06D55B
:10093000D4ED0B3AF1EE633AFDEEE33A03E0D4ED89
:100940000B3AFDEEE33A94ED0B4AB5EE404AF1EE78
:1009500010FA06D594ED0B4AB1EE444ABDEEC44AF6
:1009600003E094ED0B4ABDEEC44AD4ED0B4AF5EE1C
:10097000404AF1EE10FA01D5A7A100E08DA1F8EEF2
:10098000E00A30EE600A20EE080ABDEEC00A8DEDE6
:10099000050A8DED041A0390B8EEC20A31EEC00AC2
:1009A00020EE080ABDEEC00A8DED020ACDED012A47
:1009B0000092B8EEE30A33EE400A20EE080ABDEEDC
:1009C000C00A10EE103A14EE102ADFF8F40C01F011
:1009D00051FC280001F04EFC94ED100AB5EE400ADF
:1009E000F1EE10FA04D594ED100AB1EE400A01E0E0
:1009F00094ED100AD4ED100AF5EE400AF1EE10FA6B
:100A000006D5D4ED100AF1EE600AFDEEE00A03E02F
:100A1000D4ED100AFDEEE00A94ED101AB5EE401A7E
:100A2000F1EE10FA06D594ED101AB1EE411ABDEEB2
:100A3000C11A03E094ED101ABDEEC11AD4ED101ADC
:100A4000F5EE401AF1EE10FA01D573A000E059A0BE
:100A5000D4ED0F1AF5EE401AF1EE10FA04D5D4EDEC
:100A60000F1AF1EE611A01E0D4ED0F1A94ED0F2A7E
:100A7000B5EE402AF1EE10FA06D594ED0F2AB1EE4C
:100A8000422ABDEEC22A03E094ED0F2ABDEEC22A2F
:100A9000D4ED0F2AF5EE402AF1EE10FA06D5D4ED8A
:100AA0000F2AF1EE622AFDEEE22A03E0D4ED0F2ACE
:100AB000FDEEE22A94ED0F3AB5EE403AF1EE10FA6F
:100AC00001D555A200E03BA294ED0E3AB5EE403AB6
:100AD000F1EE10FA04D594ED0E3AB1EE433A01E08E
:100AE00094ED0E3AD4ED0E3AF5EE403AF1EE10FAEE
:100AF00006D5D4ED0E3AF1EE633AFDEEE33A03E0AB
:100B0000D4ED0E3AFDEEE33A94ED0E4AB5EE404ACE
:100B1000F1EE10FA06D594ED0E4AB1EE444ABDEE60
:100B2000C44A03E094ED0E4ABDEEC44AD4ED0E4A29
:100B3000F5EE404AF1EE10FA01D537A100E01DA113
:100B4000F8EEE00A30EE600A20EE080ABDEEC00AB8
:100B50008DED050A8DED041A0390B8EEC20A31EE50
:100B6000C00A20EE080ABDEEC00A8DED020ACDEDE6
:100B7000012A0092B8EEE30A33EE400A20EE080A9A
:100B8000BDEEC00A10EE103A14EE102ADFF8400D48
:100B900001F070FB280001F06DFB94ED130AB5EE37
:100BA000400AF1EE10FA07D594ED130AB1EE400AAF
:100BB00004E000BF0000000094ED130AD4ED130A16
:100BC000F5EE400AF1EE10FA06D5D4ED130AF1EE77
:100BD000600AFDEEE00A03E0D4ED130AFDEEE00A40
:100BE00094ED131AB5EE401AF1EE10FA06D594ED15
:100BF000131AB1EE411ABDEEC11A03E094ED131AB7
:100C0000BDEEC11AD4ED131AF5EE401AF1EE10FA4A
:100C100004D501A003E000BF2D000000A8A0D4ED82
:100C2000121AF5EE401AF1EE10FA04D5D4ED121AAC
:100C3000F1EE611A01E0D4ED121A94ED122AB5EE2C
:100C4000402AF1EE10FA06D594ED122AB1EE422AAE
:100C5000BDEEC22A03E094ED122ABDEEC22AD4ED05
:100C6000122AF5EE402AF1EE10FA06D5D4ED122A3A
:100C7000F1EE622AFDEEE22A03E0D4ED122AFDEE47
:100C8000E22A94ED123AB5EE403AF1EE10FA01D5AF
:100C9000C8A200E08AA294ED113AB5EE403AF1EE16
:100CA00010FA04D594ED113AB1EE433A01E094ED17
:100CB000113AD4ED113AF5EE403AF1EE10FA06D5BC
:100CC000D4ED113AF1EE633AFDEEE33A03E0D4EDF0
:100CD000113AFDEEE33A94ED114AB5EE404AF1EED9
:100CE00010FA06D594ED114AB1EE444ABDEEC44A5D
:100CF00003E094ED114ABDEEC44AD4ED114AF5EE7D
:100D0000404AF1EE10FA01D5AAA100E06CA1F8EE7C
:100D1000E00A30EE600A20EE080ABDEEC00A8DED52
:100D2000050A8DED041A0390B8EEC20A31EEC00A2E
:100D300020EE080ABDEEC00A8DED020ACDED012AB3
:100D40000092B8EEE30A33EE400A20EE080ABDEE48
:100D5000C00A10EE103A14EE102ADFF8140D01F05C
:100D600089FA94ED150AB5EE400AF1EE10FA0BD5AA
:100D700094ED150AB1EE400A08E000BF9C07082870
:100D8000AA55AA554433221194ED150AD4ED150A3B
:100D9000F5EE400AF1EE10FA06D5D4ED150AF1EEA3
:100DA000600AFDEEE00A03E0D4ED150AFDEEE00A6C
:100DB00094ED151AB5EE401AF1EE10FA06D594ED41
:100DC000151AB1EE411ABDEEC11A03E094ED151AE1
:100DD000BDEEC11AD4ED151AF5EE401AF1EE10FA77
:100DE00001D574A000E036A0D4ED141AF5EE401A37
:100DF000F1EE10FA04D5D4ED141AF1EE611A01E007
:100E0000D4ED141A94ED142AB5EE402AF1EE10FA3E
:100E100006D594ED142AB1EE422ABDEEC22A03E0B3
:100E200094ED142ABDEEC22AD4ED142AF5EE402A20
:100E3000F1EE10FA06D5D4ED142AF1EE622AFDEE99
:100E4000E22A03E0D4ED142AFDEEE22A94ED143AEE
:100E5000B5EE403AF1EE10FA01D556A100E018A126
:100E6000F8EEE00A30EE600A20EE080ABDEEC00A95
:100E70008DED020A8DED011A0090B8EEC20A31EE36
:100E8000C00A20EE080ABDEEC00A10EE103A12EEBB
:100E9000902ADFF8E00B01F0EDF994ED180AB5EEB9
:100EA000400AF1EE10FA0DD594ED180AB1EE400AA1
:100EB0000AE000BF64C828100012002840CE2810A5
:100EC0000000000094ED180AD4ED180AF5EE400A6F
:100ED000F1EE10FA06D5D4ED180AF1EE600AFDEE37
:100EE000E00A03E0D4ED180AFDEEE00A94ED181ACA
:100EF000B5EE401AF1EE10FA06D594ED181AB1EEDF
:100F0000411ABDEEC11A03E094ED181ABDEEC11AE4
:100F1000D4ED181AF5EE401AF1EE10FA01D525A01D
:100F200000E0CAA0D4ED171AF5EE401AF1EE10FA5F
:100F300004D5D4ED171AF1EE611A01E0D4ED171AB9
:100F400094ED172AB5EE402AF1EE10FA06D594ED8D
:100F5000172AB1EE422ABDEEC22A03E094ED172A09
:100F6000BDEEC22AD4ED172AF5EE402AF1EE10FAB2
:100F700006D5D4ED172AF1EE622AFDEEE22A03E04F
:100F8000D4ED172AFDEEE22A94ED173AB5EE403A79
:100F9000F1EE10FA01D507A200E0ACA294ED163AEA
:100FA000B5EE403AF1EE10FA0CD594ED163AB1EEEA
:100FB000433A09E02D00000010C7281010CF281078
:100FC00040CF281094ED163AD4ED163AF5EE403A9B
:100FD000F1EE10FA06D5D4ED163AF1EE633AFDEED5
:100FE000E33A03E0D4ED163AFDEEE33A94ED164A07
:100FF000B5EE404AF1EE10FA06D594ED164AB1EE80
:10100000444ABDEEC44A03E094ED164ABDEEC44A1C
:10101000D4ED164AF5EE404AF1EE10FA01D5C2A120
:1010200000E08AA1F8EEE00A30EE600A20EE080A3D
:10103000BDEEC00A8DED050A8DED041A0390B8EEE1
:10104000C20A31EEC00A20EE080ABDEEC00A8DEDDC
:10105000020ACDED012A0092B8EEE30A33EE400A0F
:1010600020EE080ABDEEC00A10EE103A14EE102A67
:10107000DFF8080A01F0FEF894ED1B0AB5EE400A0D
:10108000F1EE10FA04D594ED1B0AB1EE400A01E02E
:1010900094ED1B0AD4ED1B0AF5EE400AF1EE10FAAE
:1010A00006D5D4ED1B0AF1EE600AFDEEE00A03E07E
:1010B000D4ED1B0AFDEEE00A94ED1B1AB5EE401AC2
:1010C000F1EE10FA06D594ED1B1AB1EE411ABDEE01
:1010D000C11A03E094ED1B1ABDEEC11AD4ED1B1A20
:1010E000F5EE401AF1EE10FA01D58FA000E057A0FE
:1010F000D4ED1A1AF5EE401AF1EE10FA04D5D4ED3B
:101100001A1AF1EE611A01E0D4ED1A1A94ED1A2AB6
:10111000B5EE402AF1EE10FA06D594ED1A2AB1EE9A
:10112000422ABDEEC22A03E094ED1A2ABDEEC22A7D
:10113000D4ED1A2AF5EE402AF1EE10FA06D5D4EDD8
:101140001A2AF1EE622AFDEEE22A03E0D4ED1A2A11
:10115000FDEEE22A94ED1A3AB5EE403AF1EE10FABD
:1011600001D571A200E039A294ED193AB5EE403AEA
:10117000F1EE10FA04D594ED193AB1EE433A01E0DC
:1011800094ED193AD4ED193AF5EE403AF1EE10FA31
:1011900006D5D4ED193AF1EE633AFDEEE33A03E0F9
:1011A000D4ED193AFDEEE33A94ED194AB5EE404A12
:1011B000F1EE10FA06D594ED194AB1EE444ABDEEAF
:1011C000C44A03E094ED194ABDEEC44AD4ED194A6D
:1011D000F5EE404AF1EE10FA01D553A100E01BA153
:1011E000F8EEE00A30EE600A20EE080ABDEEC00A12
:1011F0008DED050A8DED041A0390B8EEC20A31EEAA
:10120000C00A20EE080ABDEEC00A8DED020ACDED3F
:10121000012A0092B8EEE30A33EE400A20EE080AF3
:10122000BDEEC00A10EE103A14EE102ADFF8500896
:1012300001F020F894ED1E0AB5EE400AF1EE10FA26
:1012400006D594ED1E0AB1EE400A03E0000000004E
:1012500094ED1E0AD4ED1E0AF5EE400AF1EE10FAE6
:1012600006D5D4ED1E0AF1EE600AFDEEE00A03E0B9
:10127000D4ED1E0AFDEEE00A94ED1E1AB5EE401AFA
:10128000F1EE10FA06D594ED1E1AB1EE411ABDEE3C
:10129000C11A03E094ED1E1ABDEEC11AD4ED1E1A58
:1012A000F5EE401AF1EE10FA01D51FA000E0CBA038
:1012B000D4ED1D1AF5EE401AF1EE10FA04D5D4ED76
:1012C0001D1AF1EE611A01E0D4ED1D1A94ED1D2AEC
:1012D000B5EE402AF1EE10FA06D594ED1D2AB1EED6
:1012E000422ABDEEC22A03E094ED1D2ABDEEC22AB9
:1012F000D4ED1D2AF5EE402AF1EE10FA06D5D4ED14
:101300001D2AF1EE622AFDEEE22A03E0D4ED1D2A49
:10131000FDEEE22A94ED1D3AB5EE403AF1EE10FAF8
:1013200006D501A205E000BF2D00000080CC2810EA
:10133000AAA294ED1C3AB5EE403AF1EE10FA04D5AB
:1013400094ED1C3AB1EE433A01E094ED1C3AD4ED31
:101350001C3AF5EE403AF1EE10FA06D5D4ED1C3AFF
:10136000F1EE633AFDEEE33A03E0D4ED1C3AFDEE14
:10137000E33A94ED1C4AB5EE404AF1EE10FA06D578
:1013800094ED1C4AB1EE444ABDEEC44A03E094ED2C
:101390001C4ABDEEC44AD4ED1C4AF5EE404AF1EEBB
:1013A00010FA01D5C4A100E08CA1DFEDC48AF8EEEB
:1013B000E00A30EE600A20EE280ABDEEC00A8DED8C
:1013C000050A8DED041A0390B8EEC20A31EEC00A88
:1013D00020EE280ABDEEC00A8DED020ACDED012AED
:1013E0000092B8EEE30A33EE400A20EE280ABDEE82
:1013F000C00A10EE103A14EE102ADFF8880600F04A
:1014000039FF94ED210AB5EE400AF1EE10FA04D549
:1014100094ED210AB1EE400A01E094ED210AD4EDE9
:10142000210AF5EE400AF1EE10FA06D5D4ED210AB4
:10143000F1EE600AFDEEE00A03E0D4ED210AFDEED4
:10144000E00A94ED211AB5EE401AF1EE10FA06D535
:1014500094ED211AB1EE411ABDEEC11A03E094EDEC
:10146000211ABDEEC11AD4ED211AF5EE401AF1EEA3
:1014700010FA01D590A000E058A0D4ED201AF5EEA6
:10148000401AF1EE10FA04D5D4ED201AF1EE611AEB
:1014900001E0D4ED201A94ED202AB5EE402AF1EEB9
:1014A00010FA06D594ED202AB1EE422ABDEEC22AEA
:1014B00003E094ED202ABDEEC22AD4ED202AF5EEF9
:1014C000402AF1EE10FA06D5D4ED202AF1EE622A78
:1014D000FDEEE22A03E0D4ED202AFDEEE22A94EDAF
:1014E000203AB5EE403AF1EE10FA01D572A200E0D2
:1014F0003AA294ED1F3AB5EE403AF1EE10FA07D554
:1015000094ED1F3AB1EE433A04E000BFB8CC281086
:1015100094ED1F3AD4ED1F3AF5EE403AF1EE10FA91
:1015200006D5D4ED1F3AF1EE633AFDEEE33A03E05F
:10153000D4ED1F3AFDEEE33A94ED1F4AB5EE404A72
:10154000F1EE10FA06D594ED1F4AB1EE444ABDEE15
:10155000C44A03E094ED1F4ABDEEC44AD4ED1F4ACD
:10156000F5EE404AF1EE10FA01D553A100E01BA1BF
:10157000F8EEE00A30EE600A20EE280ABDEEC00A5E
:101580008DED050A8DED041A0390B8EEC20A31EE16
:10159000C00A20EE280ABDEEC00A8DED020ACDED8C
:1015A000012A0092B8EEE30A33EE400A20EE280A40
:1015B000BDEEC00A10EE103A14EE102ADFF8C8048F
:1015C00000F058FE94ED240AB5EE400AF1EE10FA50
:1015D00006D594ED240AB1EE400A03E000000000B5
:1015E00094ED240AD4ED240AF5EE400AF1EE10FA47
:1015F00006D5D4ED240AF1EE600AFDEEE00A03E020
:10160000D4ED240AFDEEE00A94ED241AB5EE401A5A
:10161000F1EE10FA06D594ED241AB1EE411ABDEEA2
:10162000C11A03E094ED241ABDEEC11AD4ED241AB8
:10163000F5EE401AF1EE10FA01D51FA000E0C3A0AC
:10164000D4ED231AF5EE401AF1EE10FA04D5D4EDDC
:10165000231AF1EE611A01E0D4ED231A94ED232A46
:10166000B5EE402AF1EE10FA06D594ED232AB1EE3C
:10167000422ABDEEC22A03E094ED232ABDEEC22A1F
:10168000D4ED232AF5EE402AF1EE10FA06D5D4ED7A
:10169000232AF1EE622AFDEEE22A03E0D4ED232AAA
:1016A000FDEEE22A94ED233AB5EE403AF1EE10FA5F
:1016B00008D501A207E000BF2D0000000050C3477D
:1016C000F0CC2810A1A294ED223AB5EE403AF1EE0A
:1016D00010FA04D594ED223AB1EE433A01E094EDCC
:1016E000223AD4ED223AF5EE403AF1EE10FA06D560
:1016F000D4ED223AF1EE633AFDEEE33A03E0D4EDA5
:10170000223AFDEEE33A94ED224AB5EE404AF1EE7C
:1017100010FA06D594ED224AB1EE444ABDEEC44A11
:1017200003E094ED224ABDEEC44AD4ED224AF5EE20
:10173000404AF1EE10FA01D5CCA100E083A1F8EE09
:10174000E00A30EE600A20EE280ABDEEC00A8DEDF8
:10175000050A8DED041A0390B8EEC20A31EEC00AF4
:1017600020EE280ABDEEC00A8DED020ACDED012A59
:101770000092B8EEE30A33EE400A20EE280ABDEEEE
:10178000C00A10EE103A14EE102AC04800F072FDA4
:1017900094ED260AB5EE400AF1EE10FA04D594ED68
:1017A000260AB1EE400A01E094ED260AD4ED260A9D
:1017B000F5EE400AF1EE10FA06D5D4ED260AF1EE68
:1017C000600AFDEEE00A03E0D4ED260AFDEEE00A31
:1017D00094ED261AB5EE401AF1EE10FA06D594ED06
:1017E000261AB1EE411ABDEEC11A03E094ED261A95
:1017F000BDEEC11AD4ED261AF5EE401AF1EE10FA3C
:1018000001D59AA000E051A0D4ED251AF5EE401ABA
:10181000F1EE10FA04D5D4ED251AF1EE611A01E0CB
:10182000D4ED251A94ED252AB5EE402AF1EE10FAF2
:1018300006D594ED252AB1EE422ABDEEC22A03E078
:1018400094ED252ABDEEC22AD4ED252AF5EE402AD4
:10185000F1EE10FA06D5D4ED252AF1EE622AFDEE5E
:10186000E22A03E0D4ED252AFDEEE22A94ED253AA2
:10187000B5EE403AF1EE10FA01D57CA100E033A1BB
:10188000F8EEE00A30EE600A20EE080ABDEEC00A6B
:101890008DED020A8DED011A0090B8EEC20A31EE0C
:1018A000C00A20EE080ABDEEC00A10EE103A12EE91
:1018B000902A774800F0DEFC94ED280AB5EE400A45
:1018C000F1EE10FA06D594ED280AB1EE400A03E0D5
:1018D000A4C8281094ED280AD4ED280AF5EE400A91
:1018E000F1EE10FA06D5D4ED280AF1EE600AFDEE0D
:1018F000E00A03E0D4ED280AFDEEE00A94ED281A90
:10190000B5EE401AF1EE10FA06D594ED281AB1EEB4
:10191000411ABDEEC11A03E094ED281ABDEEC11ABA
:10192000D4ED281AF5EE401AF1EE10FA01D54FA0C9
:1019300000E006A0D4ED271AF5EE401AF1EE10FAF9
:1019400006D5D4ED271AF1EE611A03E0000000007D
:10195000D4ED271A94ED272AB5EE402AF1EE10FABD
:1019600006D594ED272AB1EE422ABDEEC22A03E045
:1019700094ED272ABDEEC22AD4ED272AF5EE402A9F
:10198000F1EE10FA06D5D4ED272AF1EE622AFDEE2B
:10199000E22A03E0D4ED272AFDEEE22A94ED273A6D
:1019A000B5EE403AF1EE10FA01D530A100E032A1D7
:1019B000F8EEE00A30EE600A20EE080ABDEEC00A3A
:1019C0008DED020A8DED011A0090B8EEC20A31EEDB
:1019D000C00A20EE080ABDEEC00A10EE103A12EE60
:1019E000902A2C4800F046FC2B4800F043FC5FF0A6
:1019F000FF305FF0FF31C4E92A01012084F8B00014
:101A0000B82101290EDB14F01F004118BFF34F8FDE
:101A100022480460203420390129F9DABFF34F8FBE
:101A2000BFF36F8F1EE01E4800F024FC1D495FF0DD
:101A3000FF325FF0FF33C1E92A23012081F8B000B3
:101A4000B822012A0EDB11F01F008218BFF34F8F5E
:101A5000124801602031203A012AF9DABFF34F8F92
:101A6000BFF36F8F06B0BDEC028B31BD2D000000BF
:101A700028CD281044D128100000000060CD281087
:101A800098CD281064CA2810A0CA2810DCCA2810D3
:101A900070CF2810A0CF281074CE281070EF00E06F
:101AA00018CB28100012002838B50C00602C01D289
:101AB000012000E00020794D36222900C0B200F05C
:101AC000F4FD372229007648007800F0EEFD012170
:101AD000E40214F1A054200000F0FEFE002801D121
:101AE000012000E00020C0B232BD38B50C00602CEF
:101AF00001D2012000E00020684D46222900C0B23A
:101B000000F0D3FD472229006548007800F0CDFDA4
:101B10000121E40214F1A054200000F09EFE31BD2A
:101B20002DE9F04107000C0015001E00602C01D2C9
:101B3000012000E00020DFF8648174224146C0B239
:101B400000F0B3FD40F20120864201D2012000E006
:101B5000002075224146C0B200F0A7FD7622414622
:101B60004F48007800F0A1FD21003800FFF79CFFEE
:101B7000002803D021003800FFF7B7FFE40214F17A
:101B8000A054002707E001222900200000F0EAFE0F
:101B9000241D2D1D7F1CB742F5D3BDE8F08170B523
:101BA0000D0014000020602D01D2012000E0002073
:101BB0003A4E92223100C0B200F077FD40F201208F
:101BC000844201D2012000E0002093223100C0B203
:101BD00000F06BFD942231003148007800F065FD83
:101BE0005FF0A050ED02AD0800EB8501A2000B00F4
:101BF000012A0EDB13F01F008218BFF34F8F294814
:101C000003602033203A012AF9DABFF34F8FBFF384
:101C10006F8F002005E051F82020234B43F820204F
:101C2000401CA042F7D370BD70B50C001500602CAD
:101C300001D2012000E00020184EAB223100C0B2DA
:101C400000F033FD40F20120854201D2012000E086
:101C50000020AC223100C0B200F027FDAD223100DF
:101C60000F48007800F021FD0F4A2B0021000020D2
:101C7000FFF756FF002070BD10B54FF40071FF2232
:101C8000094C200000F0E6FE10BD80B5002000F0F9
:101C9000C6FD01200249087001BD0000A4C928103A
:101CA000792208285CEF00E09C07082838B5150069
:101CB000002801D0002901D1012028E0DFF8F845F3
:101CC0002278002A01D1012021E001F004F9002846
:101CD00013D0DFF8E8050188491C018000880B2833
:101CE00009DB002020706420DFF8D4150880DFF8BD
:101CF000D40501F003FA012009E00020DFF8BC154B
:101D00000880EDB2002D01D001F09EF8002032BD18
:101D100078B587B06846DFF8B0151A2201F002FAEC
:101D200000254FF40073DFF8A4250021DFF8A0059B
:101D300001F040FDDFF8804500202070DFF89415A9
:101D4000DFF8940501F073F9002813D02900C9B217
:101D5000491CDFF8880501F0D1F9642001F027FE65
:101D60006D1C2800C0B20528E8DBDFF8740501F01F
:101D7000C5F944E0DFF86C15DFF86C0501F0BEF939
:101D8000DFF86815DFF8680501F0B8F9DFF86415C9
:101D9000DFF8640501F0B2F9002554A6DFF85C35E0
:101DA000DFF85C25DFF85C15300001F034F800281E
:101DB00012D03100DFF8500501F0A0F9642001F0E5
:101DC000F6FD6D1C2800C0B20528E6DB3100DFF807
:101DD0003C0501F093F912E01921684601F07BF807
:101DE000002809D1DFF8280501F088F90020DFF884
:101DF000CC14088001202070052001F067FE08B097
:101E000070BD38B5DFF80C45DFF80C554FF4807124
:101E1000280001F0C4F820602068002805D022685E
:101E20002900DFF8AC0401F042FADFF8A4442000F6
:101E300001F02CFA00900098032812D3022001F040
:101E4000B6FD200001F022FA0090DFF8D054002304
:101E50006A462900200001F0FAFA0099280001F0F2
:101E6000C1FE31BD38B5DFF85044207801283BD0A1
:101E7000DFF84C542888002803D02888401E28808A
:101E800032E0DFF89C0401F039F9DFF84814DFF89C
:101E9000480401F0CCF800281FD1DFF86034DFF8E7
:101EA0006024DFF8601411A000F0B5FF002814D101
:101EB000DFF8700401F022F90020DFF80014088038
:101EC00001202070FEF7DCF8DFF85C0401F079FEF9
:101ED000DFF8580401F012F906E0DFF8540401F0CD
:101EE0000DF94FF4FA70288031BD000055445000C0
:101EF00038B5CAB0DFF83C140878002800F0B88183
:101F000000200870DFF8B0030078002800F0B081EE
:101F1000DFF824040078012807D0C0F0A981032845
:101F200000F0A081C0F09881A2E1DFF810040078F1
:101F3000002840F0BD800021DFF80424107800283C
:101F400018D0DFF80004DFF800340C00E4B200EB36
:101F500084049D686560491C0C00E4B200EB8404B5
:101F60005D686560491C0C00E4B200EB84001B68EE
:101F70004360491C507800281DD0DFF8D033DFF8CB
:101F8000C403B3F9104000EE104AB8EEC00A0C00CA
:101F9000E4B200EB840484ED010A491CB3F9123069
:101FA00000EE103AB8EEC00A0B00DBB200EB830083
:101FB00080ED010A491C907800281ED0DFF88403C8
:101FC000DFF88C33B3F9003000EE103AB8EEC00AF7
:101FD0000B00DBB200EB830383ED010A491CDD4BF0
:101FE000B3F9003000EE103AB8EEC00A0B00DBB2D5
:101FF00000EB830080ED010A491CD078002824D032
:10200000D048D14B0C00E4B200EB84045D696560FC
:10201000491C0C00E4B200EB84049D696560491C16
:102020000C00E4B200EB84049D686560491C0C0060
:10203000E4B200EB8404DD696560491C0C00E4B285
:1020400000EB84001B6A4360491C1079002824D0EF
:10205000BC48BD4A0B00DBB200EB8303546A5C60F2
:10206000491C0B00DBB200EB8303D46A5C60491CA3
:102070000B00DBB200EB8303546B5C60491C0B006C
:10208000DBB200EB8303D46B5C60491C0B00DBB25A
:1020900000EB8300126C4260491CAA484170C9B22F
:1020A000002900F0D88002F0D3FD00F0CDFED2E090
:1020B000C821002218AC200000F0CCFCA04C2078F5
:1020C00000282BD06078002828D1A078002825D1BE
:1020D000E078002822D1207900281FD19A4890ED7D
:1020E000000AB7EEC00A8DED020B90ED010AB7EEC3
:1020F000C00A8DED000B90ED020AB7EEC00A53EC5A
:10210000102B954918A802F0D5FD18A802F0F2FD91
:102110000122010018A8FFF7C9FDA9E020780028D6
:102120001AD0894890ED000AB7EEC00A8DED020B77
:1021300090ED010AB7EEC00A8DED000B90ED020A9A
:10214000B7EEC00A53EC102B844908A802F0B2FD88
:1021500008A918A802F0E9FD607800280CD07B4897
:10216000B0F91230B0F910207D4908A802F0A2FDA4
:1021700008A918A802F0D9FDA07800280DD075484C
:10218000B0F900307248B0F90020764908A802F092
:1021900091FD08A918A802F0C8FDE078002826D013
:1021A000694890ED080AB7EEC00A8DED060B90ED78
:1021B000070AB7EEC00A8DED040B90ED020AB7EEE8
:1021C000C00A8DED020B90ED060AB7EEC00A8DED48
:1021D000000B90ED050AB7EEC00A53EC102B6249D4
:1021E00008A802F067FD08A918A802F09EFD207952
:1021F000002820D0544890ED0F0AB7EEC00A8DEDAC
:10220000040B90ED0D0AB7EEC00A8DED020B90EDB8
:102210000B0AB7EEC00A8DED000B90ED090AB7EE80
:10222000C00A53EC102B514908A802F043FD08A93D
:1022300018A802F07AFD18A802F05CFD00280AD068
:102240001BA118A802F071FD02F054FD012201004B
:1022500018A8FFF72BFD0BE0012210214448FFF7DF
:1022600025FD05E0012216214248FFF71FFDFFE78B
:102270004BB030BD0EB400B5C0B0020041AB4FF45E
:102280008071684602F060FD69460AA000F036FFE2
:1022900009480078012807D1684602F02BFD0100AB
:1022A00001226846FFF702FD40B05DF810FB000018
:1022B0000D0A0000257300006C22082860220828FF
:1022C00062220828E4C828102CD528109C1308285E
:1022D00008210828CCD9281054DB28100CD228104B
:1022E00048D3281010220828CCD52810D821082837
:1022F000E4D52810A4200828FCD5281064DB281079
:102300005CDB2810F4D7281034D228105CD22810B7
:10231000D0D3281044220828B41C08289C1508286B
:1023200084D22810ACD228104C100028ECD02810F1
:1023300044CC28106B2208286A2208289407082811
:10234000F80608288020082800100028B021082856
:102350005C2208285E220828B0D6281014D628103F
:10236000C4D62810D8D62810D4D2281018D12810B6
:10237000ECD628102CD6281082B000200190002026
:1023800000900020019009E00098401C0090009807
:10239000B0F5005FF8D30198401C01900198B0F5AA
:1023A000805F02D200200090F1E702B0704780B554
:1023B0000100002002F0DAFE01BD2DE9F043ADF589
:1023C000137D0700884616001C000020ADF80200AF
:1023D0000020ADF80000002002900020ADF80400BD
:1023E0000020ADF80600404602F084FC0290DFF8C1
:1023F00058532888002801D028698047DFF84C030B
:102400000078002800F033812888002800F011812E
:10241000BDF90600411CADF806103A00010089B272
:102420000020EB6898474746404602F063FC029064
:102430006888A97990FBF1F0ADF804003800471CDA
:1024400000780028FAD10020ADF800000EE07F1ED1
:1024500038782F2802D038785C2804D1BDF80000E5
:10246000401CADF800000298401E0290BDF800002C
:10247000022802DA02980028E9D50298002806D43A
:102480007A1CDFF8CC1253A802F014FC0EE0BDF861
:102490000000002805D13A00AE4953A802F00AFC1A
:1024A00004E03A00AA4953A802F004FC0020ADF869
:1024B000020042E0BDF80010BDF80020BDF8023077
:1024C00053AF9BB2BDF90400434313FA82F0385C6A
:1024D00043AA89B25054BDF80000401CADF800007A
:1024E000BDF8000080B2BDF9041088420EDA53A88E
:1024F00002F000FCBDF80020BDF802309BB2BDF92F
:1025000004104B4313FA82F18842D3D2002043A92E
:10251000BDF800208854BDF90600411CADF8061036
:1025200043AAE97911FB00F189B20020EB689847D2
:10253000BDF80200401CADF80200BDF8027053A8BF
:1025400002F0D8FBBDF90410B0FBF1F0401CBFB2A3
:10255000874203D20020ADF80000C1E732007E4977
:1025600053A802F0A7FBBDF90600411CADF8061008
:1025700053AAE97911FB00F189B20020EB68984772
:10258000002C74D00020ADF8020041E0BDF800102E
:10259000BDF80020BDF802309BB2BDF904004343F2
:1025A00013FA82F0205C43AA89B25054BDF80000AF
:1025B000401CADF80000BDF8000080B2BDF9041069
:1025C00088420EDA200002F095FBBDF80020BDF82D
:1025D00002309BB2BDF904104B4313FA82F18842DA
:1025E000D4D2002043A9BDF800208854BDF90600CC
:1025F000411CADF8061043AAE97911FB00F189B23C
:102600000020EB689847BDF80200401CADF80200BE
:10261000BDF80260200002F06DFBBDF90410B0FBB4
:10262000F1F0401CB6B2864221D20020ADF8000085
:10263000C1E74FF4807100220DF10C09484600F00B
:1026400009FA3800A9688847002C07D000943300A5
:102650004246424903A802F02DFB05E03300424602
:102660003F4903A802F026FB03A8A96888470DF597
:10267000137DBDE8F08380B50A000100002002F060
:1026800066FD002002BD02B5010000236A46354800
:1026900000F0DDFE009802BD10B514002200D2B299
:1026A000002002F054FD200010BD38B50C001500CC
:1026B000C0B2002803D12C480078002800D131BDD9
:1026C0002A490878002800D0FEE70878401C0870E6
:1026D00002F0B6FF00232A0021002548FFF76DFE17
:1026E000FFF74AFEF6E7002101804FF6FF714180B7
:1026F0008180FF218171C171002181600021C16051
:10270000002101617047104902880A8042884A808E
:1027100082888A8082798A71C279CA7182688A6065
:10272000C268CA60006908610120084908707047E2
:1027300000B585B06846FFF7D6FF0E4802906846A0
:10274000FFF7E1FF05B000BDC42108286D2208286D
:10275000D8D9281004D82810E4D9281048D5281032
:1027600044D6281020210828950708286E2208281A
:1027700014D82810AF232810010009B2002909D469
:10278000012210F01F018A40DFF8941200B24009C4
:1027900041F820207047020012B2002A05D44901F6
:1027A000DFF8802200B2115408E04901DFF87822F6
:1027B00000B210F00F00104400F8041C7047DFF85E
:1027C0006C02016851F0010101600168C907FCD485
:1027D00070479748016851F00101016070479548C2
:1027E000016851F00101016070471FB5684603F0B0
:1027F0002DF800280DD0904C18229049200003F0AD
:10280000C1F80020E07549208D490860002003F0E0
:10281000F1F801208B490870FFF7D1FF1FBD80B58B
:10282000C0B201280ED10321874803F039F80321F3
:102830000320FFF7B0FF0320FFF79EFF012083492D
:10284000087002E0002081490870FFF7C2FFFFF71F
:10285000C6FF01207B49087001BD7CB504000D0056
:102860007B48D0E90023CDE900232800C0B200282E
:1028700014D17648007801280DD06F4E18226F4988
:10288000300003F07FF80020F07594206C49086058
:10289000002003F0AFF800206A49087001208DF88D
:1028A000040000208DF8050000942A00D2B2694689
:1028B000002003F0ACFA00280DD05F4C18225F49CD
:1028C000200003F05FF80020E0759E205C4908605E
:1028D000002003F08FF873BD7CB505000C002800C4
:1028E00003F09AF900280DD0534E182253493000B6
:1028F00003F048F80020F075B52051490860002029
:1029000003F078F82000C0B2002814D14F480078B6
:1029100001280DD0484E18224849300003F032F803
:102920000020F075B92046490860002003F062F8E5
:102930000020444908700095280003F0A2F90028FF
:1029400001D0202001E04FF4007001902200D2B2AB
:102950006946002003F08FFA002801D1012000E031
:10296000002076BDF8B584B004000D0016002000EC
:1029700003F052F900280DD02F4F18222F493800AC
:1029800003F000F80020F875DF202D4908600020D2
:1029900003F030F86846102103F0FEFA3000C0B2B0
:1029A000002814D12948007801280DD0224F182280
:1029B0002249380002F0E6FF0020F875E6202049A1
:1029C0000860002003F016F800201E49087001205E
:1029D0008DF8080001208DF8090002208DF80A000A
:1029E00001208DF80B0000208DF80C00009401955B
:1029F0003200D2B26946002003F0C5F800280DD09D
:102A00000D4C18220D49200002F0BCFF0020E0759B
:102A1000F5200B490860002002F0ECFF05B0F0BD86
:102A200000E100E000E400E018ED00E008002440D0
:102A300000F4244000F52440D8200828E8C52810D8
:102A40002C22082864220828EB2728106522082851
:102A500014DA281062F30F2262F31F42401810F0BC
:102A6000030308D0C91A1FD3DB0748BF00F8012DA4
:102A700028BF20F8022D130030B414461546103933
:102A800028BF20E93C00FAD8490728BF20E90C00FC
:102A900048BF40F8042D890028BF20F8022D48BF08
:102AA00000F8012D30BC7047C91818BF00F8012D7F
:102AB000CB0728BF00F8012D7047F0B4024610681C
:102AC00095681318506803EB5004C00748BF4D4485
:102AD000A3422DD013F8016B16F0030004BF13F8C6
:102AE000010BC01C31090F2907D113F8011B0F314D
:102AF00003E013F8017B05F8017B401EF9D10029A2
:102B0000E6D013F8010BC6F38106032E08BF13F8B5
:102B1000016B00EB0620404228440026B71E8F427E
:102B20001EBF10F8017B05F8017B761CF6D1CFE7BC
:102B3000F0BC02F10C00704738B504000025642099
:102B40004443142003F05DFA002805D10A2000F068
:102B500003FF6D1CA542F4D3A54201D3012000E080
:102B60000020C0B232BD38B514001D000822DFF8C5
:102B700058351A60002805D089B20A0001000020EB
:102B800003F065FD002C05D0ADB22A002100002025
:102B900003F05DFD0820DFF83415086031BD38B55D
:102BA00004000D000820DFF820150860042322002F
:102BB0002100002003F060FE280080B2002806D02B
:102BC000ADB22B00221D211D002003F055FE082070
:102BD000DFF8F814086031BDF8B504000D001600E8
:102BE0000820DFF8E4140860022028706E800423B7
:102BF0002A002900002003F03FFE300080B2212887
:102C00000EDB20232A1D2100002003F035FEB6B282
:102C1000203E320014F12001002003F018FD0CE0EA
:102C2000B6B22F1D32002100380000F07BFA2023BD
:102C30002A1D291D002003F01FFE0820DFF88C1438
:102C40000860F1BDF8B50D0016001F0001248DF8D5
:102C50000000ADF802603800FFF76EFF00281ED1BB
:102C600033009BB22A0004216846FFF77CFF38003E
:102C7000FFF762FF002812D102208DF8000000202B
:102C8000ADF80200BDF802106846FFF788FF142077
:102C900000F062FE9DF80000802800D10024200092
:102CA000C0B2F2BDF8B504000D00160001273000D7
:102CB000FFF742FF002814D12C70002300222021AE
:102CC0002800FFF750FF3000FFF736FF002808D13B
:102CD000022028700020688020212800FFF75FFF75
:102CE00000273800C0B2F2BD30B589B04FF47A7217
:102CF00069462020FFF7D6FF04002000C0B200285C
:102D00000BD19DF80000A02807D1BDF8022001A931
:102D1000DFF8BC53280000F005FAE4B2002C07D11C
:102D20009DF80000A02801D0012002E0002000E072
:102D30000120C0B209B030BD30B589B04FF47A720D
:102D400069462120FFF7AEFF04002000C0B2002832
:102D50000BD19DF80000A12807D1BDF8022001A9E0
:102D6000DFF87053280000F0DDF9E4B2002C07D141
:102D70009DF80000A12801D0012002E0002000E021
:102D80000120C0B209B030BD30B589B04FF47A72BD
:102D900069462220FFF786FF04002000C0B2002809
:102DA0000BD19DF80000A22807D1BDF8022001A98F
:102DB000DFF82453280000F0B5F9E4B2002C07D165
:102DC0009DF80000A22801D0012002E0002000E0D0
:102DD0000120C0B209B030BD10B590B002000B00A8
:102DE000002B05D0BD49684601F064FF020004E0F5
:102DF000BB49684601F05EFF020042F2107392B2D6
:102E000069461020FFF71EFF0400FFF7BDFF2000FA
:102E1000C0B210B010BD18B58DB0019300920B0078
:102E20000200B04902A801F045FF02004CF2503305
:102E300092B202A91120FFF705FF0400FFF7A4FFDB
:102E40002000C0B20EB010BD30B589B00124A64D2F
:102E5000287800283BD1012028704FF47A70FFF7C2
:102E60006BFE002831D103208DF800000020ADF862
:102E7000020020216846FFF792FE9DF8000090288E
:102E800003D09DF80000912809D1BDF80200002868
:102E900005D0BDF8022001A9944800F008FA4FF4CB
:102EA0007A70FFF749FE00280FD102208DF800004C
:102EB0000020ADF80200BDF802106846FFF76FFE73
:102EC0009DF80000802800D10024002028702000F8
:102ED000C0B209B030BDF0B589B006000C00824D1B
:102EE0002878002858D1012028701CE03A0092B2BE
:102EF00069463000FFF770FE9DF80000902803D06F
:102F00009DF80000912809D1BDF80200002805D0E5
:102F1000BDF8022001A9754800F0C9F9380080B257
:102F2000241ABFB23E44002C2AD040F6F9708442E5
:102F300002D340F6F87700E027004FF47A70FFF7ED
:102F4000FBFD0028D2D01BE002208DF800000020FD
:102F5000ADF8020020216846FFF721FE9DF8000031
:102F6000902803D09DF80000912809D1BDF80200F7
:102F7000002805D0BDF8022001A95C4800F097F9AF
:102F80009DF80000902805D14FF47A70FFF7D4FD2A
:102F90000028D9D000202870200009B0F0BD38B535
:102FA0008AB004000D00002C01D0012000E00020B8
:102FB0004FF40E724E49C0B2FFF777FB00954A4DB1
:102FC000287800282AD1012028704FF47A70FFF762
:102FD000B3FD002820D102208DF804000020ADF8B8
:102FE0000600202101A8FFF7DAFD9DF804009028D3
:102FF00003D09DF80400912809D1BDF806000028EF
:1030000005D0BDF8062002A9384800F050F99DF817
:1030100004009028D9D0FFE70020287000236A46DA
:103020002100324800F013FA00980BB030BD3EB5D5
:1030300004000D0000204FF480632E4A00212B482D
:1030400000F0B8FB082002900020019000200090C2
:103050000023294A0021002003F076FC03230122EB
:103060000121132002F0DEFF032301220121B820F9
:1030700002F0D8FF022300220021142002F0D2FF28
:103080000021B82002F09BFF0A2000F090FC0121F3
:10309000B82002F094FF642000F089FC002012495F
:1030A0000870FFF721FE0100C9B2002909D1FFF71E
:1030B00043FE29002000FFF78FFE0100C9B200295E
:1030C000FFD1C0B23EBD00000401314008013140D3
:1030D00010220828D8210828A4200828F0D9281070
:1030E0006CDB281000D728107822082868210828CF
:1030F000DCC728109C0F0828809698000EB4C0B535
:10310000024603A800210190009101AB012104486F
:1031100078440C3003F06FFD06BC5DF810FB00BF77
:103120003DA5000062B38B0708D0521E11F8013B89
:1031300000F8013B00F024808B07F6D1830740F0B4
:10314000208000BF103A07D330B4B1E83810103AED
:10315000A0E83810F9D230BC530724BFB1E80810FA
:10316000A0E8081044BF51F8043B40F8043BD207E4
:1031700024BF31F8022B20F8022B44BF0B780370D8
:103180007047121F17D35B0009D151F8043B20F898
:10319000023B1B0C121F20F8023BF6D20BE051F849
:1031A000043B00F8013B1B0A20F8023B1B0C121FDA
:1031B00000F8013BF3D238BF121D521E24BF11F894
:1031C000013B00F8013BF8D870478268521C8260CE
:1031D000426832B10268531C036011704168491E95
:1031E0004160704782688918816003E082684169A4
:1031F000521A8260816842699142F7D27047C26870
:103200008918C16003E0C2684169521AC260C1688E
:1032100042699142F7D2704770B50400002C01D08A
:10322000012000E000205422DFF8C415C0B2FFF7EF
:103230003CFA0025207850F0010020700020A060AA
:103240000020E060606920616078002803D00228D7
:1032500010D007D315E06169002266683000FFF7DF
:10326000F9FB0EE061694900002266683000FFF753
:10327000F1FB06E061698900002266683000FFF713
:10328000E9FB002020702800C0B270BD10B504001A
:10329000002C01D0012000E000207022DFF8501542
:1032A000C0B2FFF702FA60692169401A10BD2DE92A
:1032B000F84305001600002D01D0012000E0002099
:1032C0000C00AA22DFF82815C0B2FFF7EEF900279C
:1032D0000020002C01D10327B5E0287810F0050F5D
:1032E00001D00427AFE0287850F004002870286946
:1032F000B042C0F0A380D5F81480A868B8EB0008ED
:10330000B04567D26878002803D0022841D01FD387
:1033100090E0424621006868AB6800EB030948462C
:10332000FFF700FF41462800FFF75CFFB6EB0802FD
:1033300004EB08016868AB6800EB03042000FFF7AA
:10334000F1FEB6EB080841462800FFF74BFF71E09D
:103350005FEA480221006868AB6800EB4309484611
:10336000FFF7E0FE41462800FFF73CFFB6EB0802FE
:10337000520004EB48016868AB6800EB430420008E
:10338000FFF7D0FEB6EB080841462800FFF72AFFFA
:1033900050E05FEA880221006868AB6800EB8309AF
:1033A0004846FFF7BFFE41462800FFF71BFFB6EB7C
:1033B0000802920004EB88016868AB6800EB8304A4
:1033C0002000FFF7AFFEB6EB080841462800FFF7E4
:1033D00009FF2FE06878002803D002281DD00ED303
:1033E00028E0320021006868AB6800EB030420008D
:1033F000FFF798FE31002800FFF7F4FE1AE0720094
:1034000021006868AB6800EB43042000FFF78AFEE8
:1034100031002800FFF7E6FE0CE0B20021006868EA
:10342000AB6800EB83042000FFF77CFE310028002E
:10343000FFF7D8FE2869861B2E6100E00527287853
:1034400010F0FB0028703800C0B2BDE8F2832DE90F
:10345000F04705000E001F00002D01D0012000E004
:1034600000201400DFF8888340F25B124146C0B2AE
:10347000FFF71BF9002C01D0012000E000204FF4E1
:10348000AE724146C0B2FFF710F95FF000080020AD
:103490000020002E02D15FF003088BE0297811F0A4
:1034A000030F03D020605FF006089CE02800FFF7C0
:1034B000EDFE2168884209D220605FF007080028ED
:1034C00004D1287810F0F70028708CE0287850F0AC
:1034D00008002870D5F81490E868B9EB0009206856
:1034E000814522D36878002803D0022813D008D35E
:1034F0005CE022686868E96801443000FFF712FE6A
:1035000054E0226852006868E96800EB410130002D
:10351000FFF708FE4AE0226892006868E96800EB5D
:1035200081013000FFF7FEFD40E06878002803D0FD
:10353000022827D011D339E04A466868E968014477
:10354000B2465046FFF7EEFD2268B2EB0902696809
:103550004E443000FFF7E6FD28E05FEA4902686864
:10356000E96800EB4101B2465046FFF7DBFD2268F7
:10357000B2EB09025200696806EB49063000FFF71A
:10358000D1FD13E05FEA89026868E96800EB810118
:10359000B2465046FFF7C6FD2268B2EB0902920020
:1035A000696806EB89063000FFF7BCFD287810F04B
:1035B000F7002870FFB2002F15D128780B2802D110
:1035C0005FF002080FE0287850F0020028702168B0
:1035D0002800FFF714FE296920684118296128781E
:1035E00010F0FD0028704046C0B2BDE8F0872DE91C
:1035F000F04705000E001F00002D01D0012000E063
:1036000000201400DFF8E8814FF4DF724146C0B2B9
:10361000FFF74BF8002C01D0012000E0002040F221
:10362000BF124146C0B2FFF740F85FF0000800202B
:103630000020002E02D15FF00308ABE0297811F0E2
:10364000070F03D020605FF00608AFE02800FFF707
:103650001DFE2168884209D220605FF0070800281B
:1036600004D1287810F0F70028709FE0287850F0F7
:1036700008002870E868A968884203D3A868216810
:10368000884228D36878002803D0022817D00AD3AC
:103690007CE022686968AB6820681B1A1944300016
:1036A000FFF740FD72E0226852006968AB6820684D
:1036B0001B1A01EB43013000FFF734FD66E022687E
:1036C00092006968AB6820681B1A01EB8301300027
:1036D000FFF728FD5AE0D4F80090A868B9EB00097C
:1036E0006878002803D0022835D018D34EE04A4627
:1036F00068686969B1EB09010144B2465046FFF7B9
:1037000011FD2268B2EB09026968AB6820681B1AD8
:10371000194406EB09042000FFF704FD36E05FEAD8
:10372000490268686969B1EB090100EB4101B246E1
:103730005046FFF7F7FC2268B2EB090252006968B5
:10374000AB6820681B1A01EB430106EB490420001B
:10375000FFF7E8FC1AE05FEA890268686969B1EB83
:10376000090100EB8101B2465046FFF7DBFC2268FD
:10377000B2EB090292006968AB6820681B1A01EB82
:10378000830106EB89042000FFF7CCFC287810F0B9
:10379000F7002870FFB2002F08D128780B2802D13B
:1037A0005FF0020802E02800FFF736FD4046C0B295
:1037B000BDE8F087F8B504000E0017001D00002CCE
:1037C00001D0012000E000204FF407720849C0B288
:1037D000FEF76BFF002067600021217066700021FA
:1037E000A1600021E16025616561C0B2F2BD000009
:1037F00024C92810022801D301200FE00B00DBB2FE
:10380000042B01DB012009E0AA4B03EB8000C9B2C5
:10381000405C824201D3012000E000207047F8B5EF
:1038200006000F0015001C00022E01D301201CE031
:103830002A003900C9B23000FFF7DCFF012801D1AE
:10384000012012E03800C0B2002811D1B4F5807F09
:103850000CD299487603304400EB850010F5805077
:10386000016864F30F2101600020F2BD0120FCE734
:10387000FFB2012F10D1B4F5803F0BD28E487603F2
:10388000304400EB850010F5A050016864F3172167
:103890000160E9E70120E8E70120E6E700B2001255
:1038A000C0B27047F8B505000E001700280000B23E
:1038B000FFF7F4FF04002000C0B2022801D301206A
:1038C00023E03A003100C9B22000C0B2FFF792FFF6
:1038D000012801D1012018E077492000C0B240033F
:1038E00008442A00D2B200EB8200D0F8000CF6B2F5
:1038F00066F3092067F30700E4B264032144EDB2E4
:1039000001EB8501C1F8000C0020F2BD70B5040088
:103910000D001600022C01D301201CE0320029000A
:10392000C9B22000FFF766FF012801D1012012E093
:1039300061496003085850F0004050F0407050F466
:103940007F00EDB265F3092066F30700620388503B
:1039500064030859002070BDF8B50600F600574C06
:10396000574D00212078C001284404F05EF912E090
:103970002078C001284404F05AF9B842F8D32078DE
:10398000C001284404F053F9361A00212078C00100
:10399000284404F04AF94CF25137BE42E8D220786C
:1039A000C001284404F043F98642F8D2F1BDF8B5CD
:1039B00004004FF4FA504443404D414E0021287812
:1039C000C001304404F031F914E02878C0013044DB
:1039D00004F02DF9B842F8D33A4F3C192878C001C9
:1039E000304404F024F93F1839002878C0013044ED
:1039F00004F01BF94CF25137BC42E6D22878C001E2
:103A0000304404F014F98442F8D2F1BD38B594B0D2
:103A1000502100226C462000FFF71CF82A4C00229F
:103A20000121B4F90000FFF73DFFB4F90000FFF7F2
:103A300035FF092300220121C0B2FFF7F0FEB4F9DF
:103A40000000FFF72BFF00220121C0B2FFF75EFF4D
:103A50005FF0FF30009000208DF8040000208DF80A
:103A6000050000208DF8060000208DF808000320D6
:103A70008DF844000120129001208DF807000F4CB2
:103A80000F4D69462078C001284404F009F82078D9
:103A9000C001284404F0C4F800212078C001284463
:103AA00004F0C3F82078C001284404F0D0F815B021
:103AB00030BD000024DA2810000004409A070828CE
:103AC00000005940B03CFFFF90070828C0B2002812
:103AD0000AD001280FD0032814D0042819D00528B3
:103AE0001ED0062823D022E011481249086012484F
:103AF000124908601BE012480E49086011480F493E
:103B0000086014E010480B49086010480B49086031
:103B10000DE00F48074908600E480849086006E0B4
:103B20000D48044908600D4804490860FFE77047E4
:103B300077262810F006082887262810F40608287B
:103B4000D9C328103DC4281041C32810A5C328108C
:103B500069BC281061BD2810D72E28109F2F28106F
:103B600010B402000020002402E0135D1818641C49
:103B70008C42FAD3C0B210BC70475FF0FF3040F205
:103B8000FF117047F8B50C00A425EE1C002803D0E7
:103B9000002C01D0B24201D2002011E0AA212170F4
:103BA000C42161702A00A71C01003800FFF7BAFA8F
:103BB0002900A01CFFF7D4FF04EB0501887030003A
:103BC000F2BD80B5B2B0C8226946FFF7DBFF010045
:103BD000002901D1012003E001226846FEF766F8C2
:103BE00033B000BD2DE9F84F2DED028BE0B08846D3
:103BF000B8F1000F02D00400002C01D100F0B1BFD9
:103C0000002518E038A801F075F806A9CA5DDFF8AC
:103C10007C1C38AB184401F04DF87F1CB742F1DB37
:103C200038A9DFF86C0CFEF725FBDFF8680CFEF70F
:103C300021FBED1C6D1C454580F09387A81C404579
:103C40002AD2605DAA2827D104EB05004078EE282F
:103C500022D104EB050080780100C9B2042919DAE9
:103C60000100C9B2012912D1DFF82C0C0178012919
:103C700006D001210170DFF8240CFEF7FBFA09E001
:103C8000DFF81C0C017891F00101017002E0DFF80F
:103C9000081C0870AD1CCDE7A81C404521D2605D12
:103CA000AA281ED104EB05004078FF2819D104EBA7
:103CB000050080780100C9B2002910D00100C9B206
:103CC00006290CDADFF8041D0200D2B20A4412F809
:103CD000012C92F00102C0B2084400F8012CAD1C86
:103CE000A8E7681D40452ED2605DAA282BD104EBC1
:103CF00005004078C12826D10021002204E055FAB1
:103D000082F0205C4118521C1000C0B20528F6DB7E
:103D100004EB05004079C9B281428BD104EB050068
:103D200080780100C9B2012904D1DFF8080DFEF73F
:103D3000A1FA06E0C0B2022803D1DFF8000DFEF7B9
:103D400099FA6D1D76E7A81D404566D2605DAA28E8
:103D500063D104EB05004078C2285ED104EB050076
:103D600080780100C9B2002903D00100C9B22A2914
:103D700001DBAD1D5EE704EB0501C9788DF800108D
:103D800004EB050109798DF8011004EB050149796F
:103D90008DF8021004EB050189798DF80310461E99
:103DA00072B6DFF8307D3000C0B2009947F82010BD
:103DB000D7E92AAB01200021320003F04FFF524621
:103DC0005B4610431943C7E92A01012087F8B00078
:103DD000B82101290FDB17F01F004118BFF34F8FE7
:103DE000DFF8F40C0760203720390129F8DABFF337
:103DF0004F8FBFF36F8F62B69DED000AB7EEC00A1A
:103E000053EC102BDFF8D40CF6B250F82610DFF884
:103E1000D00CFEF72FFAAD1D0CE7E81C40454AD246
:103E2000605DAA2847D104EB05004078C32842D141
:103E300004EB0500807888283DD104EB0500C078AC
:103E4000552838D1DFF8240DFEF714FAF021DFF8F9
:103E5000206D320001290FDB12F01F004118BFF363
:103E60004F8FDFF8740C0260203220390129F8DA14
:103E7000BFF34F8FBFF36F8F40F2E937B6F91000F1
:103E800003F0FDFEB84205DAB6F9120003F0F7FEC2
:103E9000B84204DBDFF8140DFEF7ECF909E0DFF8B7
:103EA000D40CFEF7E7F9FCF7FFF8DFF8CC0CFEF7CF
:103EB000E1F9ED1CBEE615F1A70080454ED3605D2B
:103EC000AA284BD104EB05004078C42846D1002134
:103ED000002204E05019204480784118521CA42A82
:103EE000F8DB04EB050090F8A600C9B281422FD19F
:103EF000DFF8BC0CFEF7BEF972B6A42204EB050095
:103F0000811CDFF8D06B37003800FFF70BF9FFF7A3
:103F100034FEC6E92A01012086F8B000B821012943
:103F20000FDB16F01F004118BFF34F8FDFF8A80B0F
:103F30000660203620390129F8DABFF34F8FBFF32E
:103F40006F8F62B62921DFF8A40CFEF793F903E026
:103F5000DFF89C0CFEF78EF9A7356BE6E81C4045B0
:103F6000BFF468AE605DAA287FF464AE04EB050080
:103F70004078C5287FF45EAE04EB05008078882881
:103F80007FF458AE04EB0500C07855287FF452AE9C
:103F9000DFF8600CFEF76EF9FCF772F8DFF8D07B03
:103FA000C82206A917F14C00FFF7ECFD0600002E11
:103FB00004D00122310006A8FDF778FEDFF8380CA6
:103FC000FEF758F997ED1D0AB5EE400AF1EE10FA2A
:103FD00004D597ED1D0AB1EE400A01E097ED1D0AE8
:103FE000D7ED1D0AF5EE400AF1EE10FA06D5D7ED31
:103FF0001D0AF1EE600AFDEEE00A03E0D7ED1D0AAE
:10400000FDEEE00A97ED1D1AB5EE401AF1EE10FA3A
:1040100006D597ED1D1AB1EE411ABDEEC11A03E0A7
:1040200097ED1D1ABDEEC11AD7ED1D1AF5EE401A17
:10403000F1EE10FA01D5C2A000E0C2A0D7ED1B1A24
:10404000F5EE401AF1EE10FA04D5D7ED1B1AF1EE99
:10405000611A01E0D7ED1B1A97ED1B2AB5EE402A35
:10406000F1EE10FA06D597ED1B2AB1EE422ABDEE0D
:10407000C22A03E097ED1B2ABDEEC22AD7ED1B2A08
:10408000F5EE402AF1EE10FA06D5D7ED1B2AF1EE37
:10409000622AFDEEE22A03E0D7ED1B2AFDEEE22ABA
:1040A00097ED1B3AB5EE403AF1EE10FA01D5A4A116
:1040B00000E0A4A19FEDA48AF8EEE00A30EE600AC9
:1040C00020EE080ABDEEC00A8DED020A8DED011A40
:1040D0000090B8EEC20A31EEC00A20EE080ABDEE2A
:1040E000C00A10EE103A12EE902ADFF8180BFEF715
:1040F000C1F897ED1A0AB5EE400AF1EE10FA04D5B0
:1041000097ED1A0AB1EE400A01E097ED1A0AD7EDD1
:104110001A0AF5EE400AF1EE10FA06D5D7ED1A0AA2
:10412000F1EE600AFDEEE00A03E0D7ED1A0AFDEEBB
:10413000E00A97ED1A1AB5EE401AF1EE10FA06D51C
:1041400097ED1A1AB1EE411ABDEEC11A03E097EDD0
:104150001A1ABDEEC11AD7ED1A1AF5EE401AF1EE91
:1041600010FA01D576A000E076A0D7ED191AF5EE89
:10417000401AF1EE10FA04D5D7ED191AF1EE611AD2
:1041800001E0D7ED191A97ED192AB5EE402AF1EEA4
:1041900010FA06D597ED192AB1EE422ABDEEC22AD1
:1041A00003E097ED192ABDEEC22AD7ED192AF5EEE4
:1041B000402AF1EE10FA06D5D7ED192AF1EE622A5F
:1041C000FDEEE22A03E0D7ED192AFDEEE22A97ED93
:1041D000193AB5EE403AF1EE10FA01D558A200E0D6
:1041E00058A297ED183AB5EE403AF1EE10FA04D520
:1041F00097ED183AB1EE433A01E097ED183AD7ED52
:10420000183AF5EE403AF1EE10FA06D5D7ED183A25
:10421000F1EE633AFDEEE33A03E0D7ED183AFDEE36
:10422000E33A97ED184AB5EE404AF1EE10FA06D59A
:1042300097ED184AB1EE444ABDEEC44A03E097ED4B
:10424000184ABDEEC44AD7ED184AF5EE404AF1EEE1
:1042500010FA01D53AA100E03AA1F8EEE00A30EEFA
:10426000600A20EE080ABDEEC00A8DED050A8DED4C
:10427000041A0390B8EEC20A31EEC00A20EE080A12
:10428000BDEEC00A8DED020ACDED012A0092B8EE16
:10429000E30A33EE400A20EE080ABDEEC00A10EE33
:1042A000103A14EE102ADFF86009FDF7E3FF97EDEE
:1042B000200AB5EE400AF1EE10FA04D597ED200A77
:1042C000B1EE400A01E097ED200AD7ED200AF5EEA5
:1042D000400AF1EE10FA06D5D7ED200AF1EE600A99
:1042E000FDEEE00A03E0D7ED200AFDEEE00A97EDCF
:1042F000201AB5EE401AF1EE10FA06D597ED201A05
:10430000B1EE411ABDEEC11A03E097ED201ABDEEE1
:10431000C11AD7ED201AF5EE401AF1EE10FA01D5C8
:1043200007A000E007A0D7ED1F1AF5EE401AF1EE46
:1043300010FA0BD5D7ED1F1AF1EE611A08E000BF95
:104340002D0000000000000000401C46D7ED1F1AA1
:1043500097ED1F2AB5EE402AF1EE10FA06D597ED3B
:104360001F2AB1EE422ABDEEC22A03E097ED1F2AB2
:10437000BDEEC22AD7ED1F2AF5EE402AF1EE10FA63
:1043800006D5D7ED1F2AF1EE622AFDEEE22A03E000
:10439000D7ED1F2AFDEEE22A97ED1F3AB5EE403A1F
:1043A000F1EE10FA01D5C1A200E0C1A297ED1E3ACC
:1043B000B5EE403AF1EE10FA04D597ED1E3AB1EEA3
:1043C000433A01E097ED1E3AD7ED1E3AF5EE403A3A
:1043D000F1EE10FA06D5D7ED1E3AF1EE633AFDEE96
:1043E000E33A03E0D7ED1E3AFDEEE33A97ED1E4ABD
:1043F000B5EE404AF1EE10FA06D597ED1E4AB1EE41
:10440000444ABDEEC44A03E097ED1E4ABDEEC44ADD
:10441000D7ED1E4AF5EE404AF1EE10FA01D5A3A100
:1044200000E0A3A1F8EEE00A30EE600A20EE080AF0
:10443000BDEEC00A8DED050A8DED041A0390B8EEAD
:10444000C20A31EEC00A20EE080ABDEEC00A8DEDA8
:10445000020ACDED012A0092B8EEE30A33EE400ADB
:1044600020EE080ABDEEC00A10EE103A14EE102A33
:10447000DFF89807FDF7FEFE97ED2B0AB5EE400A30
:10448000F1EE10FA04D597ED2B0AB1EE400A01E0E7
:1044900097ED2B0AD7ED2B0AF5EE400AF1EE10FA54
:1044A00006D5D7ED2B0AF1EE600AFDEEE00A03E037
:1044B000D7ED2B0AFDEEE00A97ED2B1AB5EE401A68
:1044C000F1EE10FA06D597ED2B1AB1EE411ABDEEBA
:1044D000C11A03E097ED2B1ABDEEC11AD7ED2B1AC6
:1044E000F5EE401AF1EE10FA01D570A000E070A0D0
:1044F000D7ED2A1AF5EE401AF1EE10FA04D5D7EDF1
:104500002A1AF1EE611A01E0D7ED2A1A97ED2A2A4C
:10451000B5EE402AF1EE10FA06D597ED2A2AB1EE53
:10452000422ABDEEC22A03E097ED2A2ABDEEC22A36
:10453000D7ED2A2AF5EE402AF1EE10FA06D5D7ED8E
:104540002A2AF1EE622AFDEEE22A03E0D7ED2A2ABA
:10455000FDEEE22A97ED2A3AB5EE403AF1EE10FA76
:1045600001D552A200E052A297ED293AB5EE403AA9
:10457000F1EE10FA04D597ED293AB1EE433A01E095
:1045800097ED293AD7ED293AF5EE403AF1EE10FAD7
:1045900006D5D7ED293AF1EE633AFDEEE33A03E0B2
:1045A000D7ED293AFDEEE33A97ED294AB5EE404AB8
:1045B000F1EE10FA06D597ED294AB1EE444ABDEE68
:1045C000C44A03E097ED294ABDEEC44AD7ED294A13
:1045D000F5EE404AF1EE10FA01D534A100E034A125
:1045E000F8EEE00A30EE600A20EE080ABDEEC00ADE
:1045F0008DED050A8DED041A0390B8EEC20A31EE76
:10460000C00A20EE080ABDEEC00A8DED020ACDED0B
:10461000012A0092B8EEE30A33EE400A20EE080ABF
:10462000BDEEC00A10EE103A14EE102ADFF8E005D5
:10463000FDF720FE97ED2E0AB5EE400AF1EE10FAD6
:1046400004D597ED2E0AB1EE400A01E097ED2E0A4F
:10465000D7ED2E0AF5EE400AF1EE10FA06D5D7EDA9
:104660002E0AF1EE600AFDEEE00A03E0D7ED2E0A15
:10467000FDEEE00A97ED2E1AB5EE401AF1EE10FAB3
:1046800006D597ED2E1AB1EE411ABDEEC11A03E020
:1046900097ED2E1ABDEEC11AD7ED2E1AF5EE401A7F
:1046A000F1EE10FA06D501A005E000BF2D000000D4
:1046B00000000000C6A0D7ED2D1AF5EE401AF1EE6D
:1046C00010FA04D5D7ED2D1AF1EE611A01E0D7EDFD
:1046D0002D1A97ED2D2AB5EE402AF1EE10FA06D5E7
:1046E00097ED2D2AB1EE422ABDEEC22A03E097EDE6
:1046F0002D2ABDEEC22AD7ED2D2AF5EE402AF1EE85
:1047000010FA06D5D7ED2D2AF1EE622AFDEEE22A47
:1047100003E0D7ED2D2AFDEEE22A97ED2D3AB5EE16
:10472000403AF1EE10FA01D5C3A200E0A8A297ED3D
:104730002C3AB5EE403AF1EE10FA04D597ED2C3A4A
:10474000B1EE433A01E097ED2C3AD7ED2C3AF5EE75
:10475000403AF1EE10FA06D5D7ED2C3AF1EE633A75
:10476000FDEEE33A03E0D7ED2C3AFDEEE33A97EDA8
:104770002C4AB5EE404AF1EE10FA06D597ED2C4AD8
:10478000B1EE444ABDEEC44A03E097ED2C4ABDEEBB
:10479000C44AD7ED2C4AF5EE404AF1EE10FA01D5A5
:1047A000A5A100E08AA1F8EEE00A30EE600A20EE52
:1047B000080ABDEEC00A8DED050A8DED041A0390BE
:1047C000B8EEC20A31EEC00A20EE080ABDEEC00AF9
:1047D0008DED020ACDED012A0092B8EEE30A33EE28
:1047E000400A20EE080ABDEEC00A10EE103A14EEA0
:1047F000102ADFF82004FDF73DFD97ED390AB5EEEC
:10480000400AF1EE10FA04D597ED390AB1EE400AEC
:1048100001E097ED390AD7ED390AF5EE400AF1EEDD
:1048200010FA06D5D7ED390AF1EE600AFDEEE00A7E
:1048300003E0D7ED390AFDEEE00A97ED391AB5EE3F
:10484000401AF1EE10FA06D597ED391AB1EE411A79
:10485000BDEEC11A03E097ED391ABDEEC11AD7EDCE
:10486000391AF5EE401AF1EE10FA01D572A000E007
:1048700057A0D7ED381AF5EE401AF1EE10FA11D51F
:10488000D7ED381AF1EE611A0EE000BF44DB2810B4
:104890004CDB281010D528106A220828B0D3281025
:1048A00094070828D7ED381A97ED382AB5EE402A34
:1048B000F1EE10FA06D597ED382AB1EE422ABDEE98
:1048C000C22A03E097ED382ABDEEC22AD7ED382A76
:1048D000F5EE402AF1EE10FA06D5D7ED382AF1EEC2
:1048E000622AFDEEE22A03E0D7ED382AFDEEE22A45
:1048F00097ED383AB5EE403AF1EE10FA01D54EA1F7
:1049000000E033A1F8EEE00A30EE600A20EE080A7B
:10491000BDEEC00A8DED020A8DED011A0090B8EED1
:10492000C20A31EEC00A20EE080ABDEEC00A10EE3F
:10493000103A12EE902AB848FDF79CFC97ED3B0A1E
:10494000B5EE400AF1EE10FA04D597ED3B0AB1EE50
:10495000400A01E097ED3B0AD7ED3B0AF5EE400A2D
:10496000F1EE10FA06D5D7ED3B0AF1EE600AFDEE46
:10497000E00A03E0D7ED3B0AFDEEE00A97ED3B1AB3
:10498000B5EE401AF1EE10FA06D597ED3B1AB1EEEE
:10499000411ABDEEC11A03E097ED3B1ABDEEC11AF4
:1049A000D7ED3B1AF5EE401AF1EE10FA01D522A030
:1049B00000E007A0D7ED3A1AF5EE401AF1EE10FA32
:1049C00008D5D7ED3A1AF1EE611A05E0F806082885
:1049D00000000000D7ED3A1A97ED3A2AB5EE402ACA
:1049E000F1EE10FA06D597ED3A2AB1EE422ABDEE65
:1049F000C22A03E097ED3A2ABDEEC22AD7ED3A2A41
:104A0000F5EE402AF1EE10FA06D5D7ED3A2AF1EE8E
:104A1000622AFDEEE22A03E0D7ED3A2AFDEEE22A11
:104A200097ED3A3AB5EE403AF1EE10FA08D502A108
:104A300007E000BFD8D428102D000000F4D42810BF
:104A40006EA1F8EEE00A30EE600A20EE080ABDEE34
:104A5000C00A8DED020A8DED011A0090B8EEC20A6F
:104A600031EEC00A20EE080ABDEEC00A10EE103A80
:104A700012EE902A6948FDF7FDFB6948FDF7FAFB45
:104A80006848FDF7F7FBA021002238AF3800FDF79A
:104A9000E1FF00270AE038A800F02CF906A9CA5D5A
:104AA000614938AB184400F005F97F1C282F01DA62
:104AB000B742F0DB52A738A93800FDF7DBFBA02195
:104AC00000220DF1E0094846FDF7C4FF5FF0280918
:104AD00015E000BF0012002870EF00E000C22810AF
:104AE00024D3281038A800F005F906A911F80920E8
:104AF0004D4938AB184400F0DDF819F10109B9F15E
:104B0000500F01DAB145EDDB38A93800FDF7B2FBF3
:104B1000A02100220DF1E0094846FDF79BFF5FF060
:104B200050090CE038A800F0E5F806A911F80920B2
:104B30003D4938AB184400F0BDF819F10109B9F14D
:104B4000780F01DAB145EDDB38A93800FDF792FBAB
:104B5000A021002238AF3800FDF77CFF7827FFF74F
:104B60005DB860B0BDEC028BBDE8F18FC0D02810FD
:104B700000100028D0CF28109CD6281080B54FF404
:104B800080732A4A00212A48FEF714FE0F20FEF700
:104B90000EFF002300225FF4E131002000F01AFC38
:104BA0000121002000F097FB01BD0000A8CE2810D5
:104BB00000D0281038B51E4C2000FEF767FB00908F
:104BC0000098032811D30220FEF7F1FE2000FEF723
:104BD0005DFB0090174D00236A4629002000FEF778
:104BE00036FC00992800FEF7FDFF31BDDCCE281011
:104BF0006CD12810D0CD281030D028100000000033
:104C00002573000094D1281054CB281090CB281085
:104C1000CCCB281008CC2810BCD12810E4D1281007
:104C200060D0281090D0281044DB2810B41A08282F
:104C3000F0200828B41B08280300002002E01A789E
:104C400010185B1C0A00511E002AF8D1C0B2704730
:104C500038B50400607810F00F00607060780928A3
:104C600001DA012000E00020C522DFF84410C0B2C4
:104C7000FDF71BFDAA2020706578D5F10805AD0071
:104C8000D5F12405E570607850F0100060700020C8
:104C9000A0702900C9B22000FFF7CEFFA070EDB2CE
:104CA00029002000014A1268904731BDF00608280B
:104CB00080C628100CB430B583B00A4606A902910C
:104CC000044600250194009502AB01A908487844E8
:104CD0001E3001F090FF019A157000284EBF044667
:104CE0000198041B204603B030BC5DF80CFB00BFEC
:104CF0009F09000000F10103810704D010F8011B97
:104D0000820781B1FAD10268A2F10131914311F019
:104D1000803104BF50F8042FF6E709BAB1FA81F1E7
:104D200000EBD100401CC01A7047034600E05B1C3A
:104D30001A78002AFBD111F801CB83F800C013F8D0
:104D4000012B002AF7D1704708B584B000230393E4
:104D500000290EBF01930190491E0291009301A901
:104D600004AB07487844183001F045FF019909B1B8
:104D700000220A70002858BF039805B000BD00BF8C
:104D80004BE4FFFF022801D3012010E00B00DBB24F
:104D9000042B01DB01200AE0DFF8CC3703EB8000B5
:104DA000C9B2405C824201D3012000E0002070477C
:104DB000F8B504000F0015001E00022C01D30120DD
:104DC0002AE02A003900C9B22000FFF7DBFF0128E2
:104DD00001D1012020E006983900C9B202291ED174
:104DE000B6F5803F19D2202817D24FF4C052DFF811
:104DF0007C1763030B4403EB850313441F6866F3BE
:104E000017271F606403214401EB850111440A68E0
:104E100060F3C7020A600020F2BD0120FCE7FFB288
:104E2000032F1FD1B6F1807F1AD2202818D24FF459
:104E3000E052DFF8381763030B4403EB8503134498
:104E40001F6807F0FF0757EA06271F606403214425
:104E500001EB850111440A6860F3C7020A60DAE7D2
:104E60000120D9E70120D7E700B20012C0B2704795
:104E7000F8B505000E001700280000B2FFF7F4FF98
:104E800004002000C0B2022801D3012024E03A002F
:104E90003100C9B22000C0B2FFF774FF012801D170
:104EA000012019E0DFF8C4162000C0B24003084416
:104EB0002A00D2B200EB8200D0F8000CF6B266F302
:104EC000092067F30700E4B264032144EDB201EB6B
:104ED0008501C1F8000C0020F2BD70B504000D0082
:104EE0001600022C01D301201DE032002900C9B2B6
:104EF0002000FFF747FF012801D1012013E0DFF870
:104F00006C166003085850F0004050F0407050F4A8
:104F10007F00EDB265F3092066F307006203885055
:104F200064030859002070BDD0F840037047D0F8E2
:104F30000803C005C00D7047C0F840127047D0F894
:104F40000802C005C00D7047D0F80802C0F3C03099
:104F5000704738B505002800FFF7F1FF040028006E
:104F6000FFF7F2FF0419002C01D1012000E000201E
:104F7000C0B232BDC0F8C81F7047D0F8C80F704724
:104F8000C0F8881F7047D0F8880F7047016851F04B
:104F900000410160704738B504001500C9B200290E
:104FA00006D002291ED010D3042935D027D340E0E3
:104FB000DFF8BC05A06001202073112060734FF45E
:104FC0008C70E0811220208239E0DFF8A805A06013
:104FD000012020731120607340F21D10E0816B20CE
:104FE00020822CE0DFF89005A060012020731120C2
:104FF00060734FF48E70E0816A2020821FE0DFF83A
:105000007C05A060022020731120607340F21B1009
:10501000E0816920208212E0DFF86405A0600120B1
:105020002073132060734FF48D70E081682020821C
:1050300005E07C22DFF84C150020FDF736FBEDB2D1
:10504000002D06D0022D1ED010D3042D35D027D32D
:1050500040E0DFF81C052060002020711120607105
:105060004FF48C70E0811220208239E0DFF80405D3
:105070002060002020711120607140F21D10E0813D
:105080006B2020822CE0DFF8F004206000202071EB
:10509000112060714FF48E70E0816A2020821FE041
:1050A000DFF8D8042060012020711120607140F2E7
:1050B0001B10E0816920208212E0DFF8C404206028
:1050C00000202071132060714FF48D70E081682002
:1050D000208205E0A822DFF8AC140020FDF7E5FAF5
:1050E00031BD10B5C0B2002806D002280AD006D3C0
:1050F00004280DD009D30EE0DFF88C4411E0DFF86E
:105100008C440EE0DFF888440BE0DFF8884408E0C8
:10511000DFF8844405E0BD22DFF868140020FDF7C5
:10512000C4FA200010BD38B50400DFF87054C9B2CD
:105130002000C0B255F82000FFF7FEFE2000C0B2EC
:1051400055F82000FFF705FF0028F7D031BD70B5F6
:1051500005000E00140006E031782800C0B2FFF709
:10516000E2FF641E761C002CF6D170BD38B5040039
:105170000D0005E029782000C0B2FFF7D4FF6D1CB8
:1051800028780028F6D131BD70B504000D0000204C
:10519000DFF808642000C0B256F82000FFF7C7FE11
:1051A000002807D0E4B256F82400FFF7BDFE2870AF
:1051B000012000E00020C0B270BD70B505000C00F9
:1051C000DFF8D8632800C0B256F82000FFF7DBFEF6
:1051D0004008400001002800C0B256F82000FFF748
:1051E000CFFE2800C0B256F82000FFF7CCFE30F00A
:1051F000020001002800C0B256F82000FFF7C0FEF0
:105200002800C0B256F82000FFF7BDFE30F02000A5
:1052100001002800C0B256F82000FFF7B1FE2800B8
:10522000C0B256F82000FFF7AEFE30F0400001009B
:105230002800C0B256F82000FFF7A2FE2800C0B236
:1052400056F82000FFF79FFE30F010000100280004
:10525000C0B256F82000FFF793FE2800C0B256F8FF
:105260002000FFF790FE30F4807001002800C0B2EB
:1052700056F82000FFF784FE2800C0B256F8200040
:10528000FFF781FE30F4806001002800C0B256F8BC
:105290002000FFF775FE002C0ED02800C0B256F893
:1052A0002000FFF76AFE50F400700100EDB256F8DE
:1052B0002500FFF765FE0DE02800C0B256F820007B
:1052C000FFF75BFE30F400700100EDB256F82500E8
:1052D000FFF756FE70BD70B505000C00DFF8BC622C
:1052E0002800C0B256F82000FFF747FE40084000F3
:1052F00001002800C0B256F82000FFF73BFE28004E
:10530000C0B256F82000FFF738FE30F00800010068
:105310002800C0B256F82000FFF72CFE2800C0B2CB
:1053200056F82000FFF729FE30F020000100280089
:10533000C0B256F82000FFF71DFE2800C0B256F894
:105340002000FFF71AFE30F4807001002800C0B280
:1053500056F82000FFF70EFE2800C0B256F82000D5
:10536000FFF70BFE30F4007001002800C0B256F8C1
:105370002000FFF7FFFD2800C0B256F82000FFF71D
:10538000FCFD30F4006001002800C0B256F8200097
:10539000FFF7F0FD002C0ED02800C0B256F8200018
:1053A000FFF7EBFD50F004000100EDB256F82500C8
:1053B000FFF7E0FD0DE02800C0B256F82000FFF72F
:1053C000DCFD30F004000100EDB256F82500FFF7D7
:1053D000D1FD70BD2DE9F841A7B005000F00160002
:1053E00028003100C0B2C9B2884201D1012000E0DA
:1053F00000201C00DFF88C814FF4CE724146C0B211
:10540000FDF753F928002100C0B2C9B2884201D18A
:10541000012000E0002040F29D124146C0B2FDF79D
:1054200044F902A8142100F0B7FD342100220DF147
:1054300068084046FDF70EFB4C2100220DF11C08C8
:105440004046FDF707FBFF003A00002354480021C7
:1054500002F01AFC07002200D2B23100C9B202A841
:10546000FFF799FD08201B909DF80D008DF8700046
:105470001AAA9DF80C10029802F0A9FD06201B90B4
:105480009DF80D008DF870001AAA9DF8141004986C
:1054900002F09DFD00200790082008900820099048
:1054A00002200B9000200C900020129000201490FD
:1054B0003A4C2800C0B254F8200002F009FF3949E4
:1054C0002A00D2B2382042430A4407A92800C0B2B9
:1054D00054F8200002F0BAFD2800C0B254F82000B1
:1054E000FFF754FD2A00D2B20321BDF91600FFF7E1
:1054F000BFFCBDF91600FFF7B7FC17F01F010091C4
:10550000C7F357132A00D2B20321C0B2FFF750FCF1
:10551000BDF91600FFF7A8FC2A00D2B20321C0B2E1
:10552000FFF7DBFCBDF91800ADF800000320ADF873
:10553000020001208DF8040007221B482900C9B28F
:1055400050F82110684600F087F800212800C0B20A
:10555000FFF7C1FE00212800C0B2FFF72EFE28B0E1
:10556000BDE8F0810000000024DA281000000440AB
:1055700000003140000231400005314080083140D8
:105580000007314024CA2810000060400000654038
:105590000000644000006340000062407407082877
:1055A000008096989C19082860070828010009B215
:1055B000002908D4012210F01F018A401B4900B2C3
:1055C000400941F820207047010009B2002908D4A1
:1055D000012210F01F018A40154900B2400941F82C
:1055E00020207047020012B2002A04D44901114A57
:1055F00000B2115407E049010F4A00B210F00F0049
:10560000104400F8041C7047002800D162B60B4813
:105610000168491C0160704772B608490868002893
:1056200002D00868401E08600868704700E100E08A
:1056300080E200E000E400E018ED00E04C220828E1
:1056400080B5FFF7E9FF02F08BFE01BD80B5C9B25E
:1056500000B2FFF7C7FF01BD70B504000D001600D2
:10566000200002F08DFE2900B4F9000002F0C7FE10
:105670003100C9B2B4F90200FFF7E8FFB4F9020043
:10568000FFF7A2FFB4F90200FFF790FF70BD0268B8
:10569000531C03601170704738B50400082C10D3F8
:1056A000DFF8B0521822DFF8B012280000F06AF9D3
:1056B0000020E875E820DFF8A4120860002000F060
:1056C00099F9DFF89C026401204432BDDFF894327E
:1056D0001B6862F31F4361F30F0383607047C06868
:1056E0007047DFF884321B6862F31F4361F30F03D6
:1056F000036000687047C069C00FC0B27047F8B55A
:1057000002000D00002A01D1052053E0DFF85C12F1
:105710000868C0F30320002801D1002007E00868D2
:10572000C0F303200E2801D1012000E00220DFF8A1
:105730004012400101EB00067FF07044DFF8347244
:10574000380011001022FDF7EDFC386840084000D9
:1057500038601021380000F0A9F9DFF81C323A0057
:105760000121300002F074FE002804D0012021E065
:10577000641E002C15D03000FFF7BDFF0028F7D1C4
:10578000002D08D01021380000F07EF928003900E3
:105790001022FDF7C7FC00F041F8012803D10320D7
:1057A00008E0022006E000F039F8002801D10020CE
:1057B00000E00420F2BD38B50100002901D1052028
:1057C0002BE06A4A1068C0F30320002801D10020B2
:1057D00007E01068C0F303200E2801D1012000E08B
:1057E0000220634A400102EB0004624D28001022AF
:1057F000FDF798FC28684008400028601021280028
:1058000000F054F95C4B2A000121200002F020FE38
:10581000002801D0012000E0002032BD10B5554C19
:105820001021200000F030F9206810F07040B0F135
:10583000204F01D1002008E0206810F07040B0F146
:10584000704F01D1012000E0022010BD38B50400E6
:10585000FFF7E4FF05002800C0B2022802D17FF064
:1058600070400DE0002C04D0200042491022FDF7CA
:1058700059FCEDB2002D01D1002001E03D48006847
:1058800032BD10F07041B1F1204F01D1002006E08F
:1058900010F07041B1F1704F01D07FF0704070474F
:1058A0003EB5364AD2E90045CDE90045ADF80210D3
:1058B00033490860684602F063FD0FF24101BDF90B
:1058C000000002F09CFD0220FFF7E6FE274A116867
:1058D000C1F30321002901D1002107E01168C1F3C0
:1058E00003210E2901D1012100E002210022012320
:1058F00013FA01F1FFF7EAFE37BD000038B50020CA
:105900000220FFF7C9FE04002000FFF7E8FE0500B3
:1059100016490868C0F30320002801D1002007E0E1
:105920000868C0F303200E2801D1012000E0022006
:105930002900C140C80705D511490868002801D0D1
:10594000086880472A00120CADB229002000FFF73A
:10595000C8FE31BDD820082834C628102C220828BB
:1059600000102240E0DB2810E4DB2810000020407B
:105970000000224000220828282208281CDA2810CB
:105980002422082801B58B071AD1830724D1121FBE
:1059900021D351F8043BA3F1013C2CEA030C1CF089
:1059A000803C04BF40F8043BF1E79CFA8CFCBCFA55
:1059B0008CF1C1F118018B40CB4040F8043B13E05F
:1059C000042A09D311F8013B521E00F8013B5BB1D8
:1059D0008B07F7D1D9E7121D5AB111F8013B521EBE
:1059E00000F8013B03B1F8D111001CBF0022FDF704
:1059F00035F801BD01BEFEE780B5354A35490B6873
:105A000093423ED00A60344A12684A62334A8A623C
:105A100002684A6042688A608268CA60C2680A6135
:105A200002694A6142698A618269CA61C2690A621D
:105A3000F1EE102A12F0900F23D0294A8A62026AEE
:105A4000CA62426A0A63826A4A63C26A8A63026BF2
:105A5000CA63426B0A64826B4A64C26B8A64026CDA
:105A6000CA64426C0A65826C4A65C26C8A65026DC2
:105A7000CA65426D0A66826D4A66C26D8A66006EAC
:105A8000C86602F003FD01BD01290EDB10F01F0204
:105A90005118BFF34F8F134A10602030203901296D
:105AA000F9DABFF34F8FBFF36F8F704701290EDB19
:105AB00010F01F025118BFF34F8F0B4A10602030B7
:105AC00020390129F9DABFF34F8FBFF36F8F704789
:105AD000FAF9F8F7C81F082828ED00E0A4A3A2A14E
:105AE000ABAAA9A85CEF00E068EF00E0DFF83C0497
:105AF0000068400B10F001007047DFF830040068C8
:105B0000000B10F001007047DFF82404016851F029
:105B1000010101600168C907FCD470471FB504008A
:105B2000C9B2012924D16846102100F035FA69462E
:105B30002000FFF7E4FD0100C9B2012902D1DFF81E
:105B4000F4031EE00100C9B2022902D1DFF8E80324
:105B500017E0C0B2042802D1DFF8E00311E000989A
:105B600000F0F6F800280CD1FFF7CEFF002008E087
:105B70002000FFF720FE002802D0DFF8B80300E085
:105B8000002004B010BD38B584B00C001500002C06
:105B900002D1DFF8AC033DE0206800F0C7F801282F
:105BA00002D06068002802D1DFF8940332E0684632
:105BB000102100F0F1F90620009960F31F610091B7
:105BC000207A009960F30F210091607A009960F3C8
:105BD00017410091E07A019960F30F210191A07AB9
:105BE000019960F307010191207B019960F31F6126
:105BF00001912068029060680390DFF84803A17A61
:105C000030F811106068FFF751FF2900C9B26846EB
:105C1000FFF784FF05B030BD10B50400FFF766FF45
:105C200000280ED114F16C40B0F5403F01D20020A5
:105C300026E0DFF814030419B4F5803F1FD20020DA
:105C40001EE014F16C40B0F5C03F01D2002017E017
:105C5000DFF8F8020019B0F5004F01D200200FE084
:105C600014F16B40B0F5C03F01D2002008E0DFF82E
:105C7000E0020419B4F5004F01D2002000E0012039
:105C800010BD10B50400FFF731FF002807D1DFF881
:105C9000B8020419B4F5803F11D2012010E0DFF8FA
:105CA000AC020019B0F5004F01D2012008E0DFF886
:105CB000A0020419B4F5004F01D2012000E0002039
:105CC00010BD10B50400FFF718FF00280ED114F125
:105CD0007040B0F57C1F01D2002026E0DFF874028E
:105CE0000419B4F5003F1FD200201EE014F17040EB
:105CF000B0F5FC1F01D2002017E0DFF85C020019AC
:105D0000B0F5803F01D200200FE014F16E40B0F5F5
:105D1000FC1F01D2002008E0DFF840020419B4F5AE
:105D2000803F01D2002000E0012010BD10B504002A
:105D30002000FFF771FF002801D1002007E02000BC
:105D4000FFF7BFFF002801D1002000E0012010BDB7
:105D500080B5FFF796FD002801D1002056E07FF0C6
:105D60007041884202D1DFF8D4014FE0DFF8F01132
:105D7000401A1CD0801E1DD0401E1ED0401E1FD0B9
:105D8000401E20D0001F21D0873822D0401E23D0B3
:105D9000123824D0401E25D0401E26D0801E27D089
:105DA000801E28D0083829D009382AD02CE05FF48A
:105DB000A4002BE0DFF8AC0128E0DFF8AC0125E01F
:105DC000DFF8A80122E0DFF86C011FE0DFF8A00196
:105DD0001CE0DFF8A00119E0DFF89C0116E0DFF815
:105DE0009C0113E0DFF8980110E0DFF898010DE066
:105DF000DFF894010AE0DFF8940107E0DFF8900192
:105E000004E0DFF8900101E0DFF8300102BD38B5B1
:105E100084B00C001500002C02D1DFF8240128E02A
:105E20002068FFF783FF012802D1DFF8140120E08A
:105E3000207810F0030F02D0DFF8040119E0684663
:105E4000102100F0A9F81420009960F31F6100915F
:105E50002079009960F30F2100916079009960F337
:105E600017410091206801902900C9B26846FFF7E8
:105E700055FE05B030BD38B588B00C001500002CBB
:105E800001D12F484FE06068002801D12C484AE03A
:105E90002068FFF7C1FE012808D02068616810EB78
:105EA0008100401EFFF7B8FE012801D124483AE0E6
:105EB0006846102100F070F82A20009960F31F61F5
:105EC0000091206801906068401E80B20299090C20
:105ED000090408430290EDB2012D1CD104A8102141
:105EE00000F05AF804A96846FFF709FC0100C9B29E
:105EF000012901D10F4816E00100C9B2022901D1E0
:105F00000D4810E0C0B2042801D10C480BE0049801
:105F1000FFF71EFF07E06846FFF74DFC002801D0A1
:105F2000044800E0002009B030BD0000000024401B
:105F3000080024400400520010005200FF005200EC
:105F40000F00520074D628100000FDEB0080FEEB1D
:105F50000080FEEA0000C1EF0080E0EF0080E0ED8D
:105F6000010000F001005200020052000300520044
:105F700005005200060052000700520008005200BF
:105F8000090052000A0052000B0052000C0052009F
:105F90000D0052000E005200002202F079BA0000FB
:105FA0000069C84010F001007047012212FA01F1A7
:105FB00081607047012212FA01F14160704780B59B
:105FC000C9B200290ED00100C9B2082291FBF2F338
:105FD00002FB1311354AC0B2C010C0011044FFF7D4
:105FE000E4FF0DE00100C9B2082291FBF2F302FBCD
:105FF00013112E4AC0B2C010C0011044FFF7DAFFDF
:1060000001BD80B50100C9B2082291FBF2F302FB89
:106010001311264AC0B2C010C0011044FFF7C0FFE0
:10602000C0B202BD2DE9F8418DB004000E0015008C
:106030001F0034210022E8464046FCF70BFDF6B273
:10604000002E0ED1FFB2002F02D0022F03D005E0A8
:106050000F2001900DE0082001900AE00820019037
:1060600007E0FFB2042F02D10F20019001E00E20C3
:1060700001902000C0B2C0280FD02100C9B2082072
:106080006A4691FBF0F300FB131108482300DBB2D2
:10609000DB10DB01184401F09AFF2900C9B220008F
:1060A000C0B2FFF78CFF0EB0BDE8F08100003140B8
:1060B000D0F80803C005C00D704710F541710A689B
:1060C00052F480320A6010F541710A6832F480326D
:1060D0000A60D0F804037047C0F840127047D0F847
:1060E0000802C005C00D7047D0F80802C0F3C030E8
:1060F000704738B505002800FFF7F1FF04002800BD
:10610000FFF7F2FF0419002C01D1012000E000206C
:10611000C0B232BD0068C0F38130002801D18020B8
:1061200000E040207047016851F000410160704775
:106130002030026861F39B620260704780B5FFF710
:10614000B7FF02BD80B5FFF7B8FF01BD022801D33C
:10615000012010E00B00DBB2042B01DB01200AE080
:10616000DFF8003703EB8000C9B2405C824201D304
:10617000012000E000207047F8B504000F00150072
:106180001E00022C01D301202AE02A003900C9B2E6
:106190002000FFF7DBFF012801D1012020E0069855
:1061A0003900C9B202291ED1B6F5803F19D2202884
:1061B00017D24FF4C052DFF8B01663030B4403EB61
:1061C000850313441F6866F317271F606403214487
:1061D00001EB850111440A6860F3C7020A600020E0
:1061E000F2BD0120FCE7FFB2032F1FD1B6F1807F83
:1061F0001AD2202818D24FF4E052DFF86C1663034D
:106200000B4403EB850313441F6807F0FF0757EAAD
:1062100006271F606403214401EB850111440A68CD
:1062200060F3C7020A60DAE70120D9E70120D7E767
:1062300000B20012C0B27047F8B505000E0017009A
:10624000280000B2FFF7F4FF04002000C0B20228CB
:1062500001D3012024E03A003100C9B22000C0B2CD
:10626000FFF774FF012801D1012019E0DFF8F815CC
:106270002000C0B2400308442A00D2B200EB8200E2
:10628000D0F8000CF6B266F3092067F30700E4B219
:1062900064032144EDB201EB8501C1F8000C00203C
:1062A000F2BD70B504000D001600022C01D30120D0
:1062B0001DE032002900C9B22000FFF747FF012886
:1062C00001D1012013E0DFF8A0156003085850F059
:1062D000004050F0407050F47F00EDB265F30920AB
:1062E00066F307006203885064030859002070BDFC
:1062F0000100C020C9B2002905D0022907D004D36B
:10630000032906D006E0122004E0622002E07A2091
:1063100000E01A20C0B270470100C020C9B20029B5
:1063200005D0022907D004D3032906D006E01120A6
:1063300004E0612002E0792000E01920C0B270473B
:106340000100C020C9B2002905D0022907D004D31A
:10635000032906D006E0102004E0602002E0782047
:1063600000E01820C0B270470100C020C9B2002967
:106370000BD002290DD00AD304290ED00BD3062945
:106380000FD00CD307290ED00EE013200CE0142000
:106390000AE0632008E0642006E07B2004E0292076
:1063A00002E01B2000E01C20C0B27047010000206A
:1063B000C9B2002905D0022907D004D3032906D089
:1063C00006E0132004E0132002E0132000E0132075
:1063D000C0B2704701000020C9B2002905D00229CF
:1063E00007D004D3032906D006E0132004E01320CD
:1063F00002E0132000E01320C0B27047010000202B
:10640000C9B2002905D0022907D004D3032906D038
:1064100006E0132004E0132002E0132000E0132024
:10642000C0B2704701000020C9B200290BD0022978
:106430000DD00AD304290ED00BD306290FD00CD3CC
:1064400007290ED00EE013200CE013200AE01320E1
:1064500008E0132006E0132004E0132002E01320DC
:1064600000E01320C0B27047C9B2082902D0102939
:1064700046D096E0DFF8F4130200D2B251F82220A1
:10648000126832F440420300DBB251F823301A6044
:106490000200D2B251F82220D2F800225209520151
:1064A0000300DBB251F82330C3F800220200D2B25D
:1064B00051F82220D2F8002252F007020300DBB28A
:1064C00051F82330C3F800220200D2B251F8222042
:1064D000D2F80023520952010300DBB251F82330F5
:1064E000C3F800230200D2B251F82220D2F80023D0
:1064F00052F00702C0B251F82000C0F8002350E06B
:10650000DFF868130200D2B251F82220126832F488
:1065100040420300DBB251F823301A600200D2B2CD
:1065200051F82220126852F480420300DBB251F885
:1065300023301A600200D2B251F82220D2F8002291
:10654000520952010300DBB251F82330C3F8002294
:106550000200D2B251F82220D2F8002252F00F02EB
:106560000300DBB251F82330C3F800220200D2B29C
:1065700051F82220D2F80023520952010300DBB265
:1065800051F82330C3F800230200D2B251F8222080
:10659000D2F8002352F00F02C0B251F82000C0F828
:1065A00000237047F8B504000E0008212000C0B297
:1065B000FFF75AFFDFF8B8522000C0B2285C082865
:1065C0000FD02000C0B2285CC010DFF8A81211EB79
:1065D000C01101202200D2B2AA5C12F00702904042
:1065E0000860DFF88872F6B231002000C0B257F8B8
:1065F0002000FFF771FD2000C0B257F82000FFF720
:1066000089FD06002000C0B257F82000FFF767FDA3
:106610008642F0D02000C0B257F82000FFF769FD95
:106620000028F7D02000C0B2285C08280ED0200037
:10663000C0B2285CC010DFF80C1311EBC0110120B0
:10664000E4B22A5D12F0070290400860F1BD2DE926
:10665000F84307000D00140008213800C0B2FFF70E
:1066600003FFDFF80C623800C0B2305C08280FD09E
:106670003800C0B2305CC010DFF8F81111EBC01167
:1066800001203A00D2B2B25C12F0070290400860DA
:10669000DFF8D88129783800C0B258F82000FFF719
:1066A0001BFD6D1C3800C0B258F82000FFF732FD0A
:1066B00081463800C0B258F82000FFF710FD814530
:1066C000F0D0641E002CE3D13800C0B258F820008E
:1066D000FFF70FFD0028F7D03800C0B2305C082863
:1066E0000ED03800C0B2305CC010DFF8581211EB89
:1066F000C0110120FFB2F25D12F007029040086065
:10670000BDE8F183F8B504000E0010212000C0B2EE
:10671000FFF7AAFEDFF858512000C0B2285C082815
:106720000FD02000C0B2285CC010DFF8481111EB78
:10673000C01101202200D2B2AA5C12F007029040E0
:106740000860DFF82871B6B231002000C0B257F8F7
:106750002000FFF7C1FC2000C0B257F82000FFF76F
:10676000D9FC06002000C0B257F82000FFF7B7FCA4
:106770008642F0D02000C0B257F82000FFF7B9FCE5
:106780000028F7D02000C0B2285C08280ED02000D6
:10679000C0B2285CC010DFF8AC1111EBC0110120B1
:1067A000E4B22A5D12F0070290400860F1BD2DE9C5
:1067B000F84307000D00140010213800C0B2FFF7A5
:1067C00053FEDFF8AC603800C0B2305C08280FD050
:1067D0003800C0B2305CC010DFF8981011EBC01167
:1067E00001203A00D2B2B25C12F007029040086079
:1067F000DFF8788029883800C0B258F82000FFF709
:106800006BFCAD1C3800C0B258F82000FFF782FCCA
:1068100081463800C0B258F82000FFF760FC81457F
:10682000F0D0641E002CE3D13800C0B258F820002C
:10683000FFF75FFC0028F7D03800C0B2305C0828B2
:106840000ED03800C0B2305CC010DFF8F81011EB89
:10685000C0110120FFB2F25D12F007029040086003
:10686000BDE8F18324DA281000000440500708280E
:1068700050220828040031402DE9F84380460D00DD
:1068800016001C0008214046C0B2FFF7EDFDDFF8FE
:1068900048734046C0B2385C08280FD04046C0B2AA
:1068A000385CC010DFF8341311EBC01101204246F0
:1068B000D2B2BA5C12F0070290400860DFF8209371
:1068C0004046C0B259F82000FFF73CFC297840460A
:1068D000C0B259F82000FFF7FFFB6D1C4046C0B264
:1068E00059F82000FFF705FC0028F7D04046C0B259
:1068F00059F82000FFF722FC0028F7D04046C0B22C
:1069000059F82000D0F840033070761C641E002C2B
:10691000DCD14046C0B2385C08280FD04046C0B237
:10692000385CC010074911EBC01101205FFA88F8EC
:1069300017F8082012F0070290400860BDE8F183C4
:1069400000000000080031402DE9F04F9DB0040028
:106950000D001E0092000023A248002101F094F9CE
:106960000700342100220DF104084046FCF772F8BC
:106970003C2100220DF138084046FCF76BF820005E
:106980003100C0B2C9B2884201D1012000E000202C
:10699000DDF89890DFF850A24FF464725146C0B20F
:1069A000FBF783FE30004946C0B2C9B2884201D12C
:1069B000012000E00020DDF89C8040F29132514639
:1069C000C0B2FBF772FE062002904846C0B2FFF745
:1069D00001FD8DF80C004846C0B2FFF79DFC8246D1
:1069E0005FF0080B4846C0B2FFF796FCDFF8FC9159
:1069F00001AA9AFBFBF10BFB11AA5146C0B2C010D1
:106A0000C001484401F0E3FA062002903000C0B211
:106A1000FFF7CCFC8DF80C003000C0B2FFF768FC2B
:106A200082465FF0080B3000C0B2FFF761FC01AA9C
:106A30009AFBFBF10BFB11AA5146C0B2C010C0017A
:106A4000484401F0C4FA4046C0B204281ED00820D1
:106A500002904046C0B2FFF7D1FC8DF80C004046D2
:106A6000C0B2FFF76DFC06005FF0080A4046C0B2F6
:106A7000FFF766FC01AA96FBFAF10AFB11663100EA
:106A8000C0B2C010C001484401F0A1FA289E3000F5
:106A9000C0B208281ED0062002903000C0B2FFF716
:106AA000C1FC8DF80C003000C0B2FFF75DFC8046E1
:106AB0005FF0080A3000C0B2FFF756FC01AA98FB4D
:106AC000FAF10AFB11884146C0B2C010C001484427
:106AD00001F07DFA2000C0B2032803D22000C0B22A
:106AE000401C00E000202200D2B2521D032110F50C
:106AF0008F7000B2FFF7A0FB2000C0B2032803D2C2
:106B00002000C0B2401C00E0002010F58F7000B2E1
:106B1000FFF78EFB17F01F010091C7F357132200F8
:106B2000D2B2521D0321C0B2FFF726FB2000C0B233
:106B3000032803D22000C0B2401C00E0002010F562
:106B40008F7000B2FFF774FB2200D2B2521D0321F6
:106B5000C0B2FFF7A6FBEDB2002D05D0022D09D083
:106B600005D3032D09D00AE00020109007E0012092
:106B7000109004E00220109001E00320109001200A
:106B80000E9000200F9004201190082012900820F1
:106B9000139001208DF8500001208DF85300104D06
:106BA00000220EA92000C0B255F8200001F08AFC96
:106BB00000212000C0B255F82000FFF7B9FA2000EC
:106BC000C0B255F82000FFF7AEFA0348E4B206550C
:106BD0001DB0BDE8F08F00005022082804003140AD
:106BE0005007082800809698E4C92810000031401A
:106BF00040F0200070472DE9F14FB0B0924604916B
:106C00000DF142013A9A2B9199464A7000200AE010
:106C10001AF8011B0498309A90470028049000F05D
:106C200034860D98401C0D909AF8000050B125282C
:106C3000EED1002100220791089209910A920B914E
:106C40000C9204E00D9800F022BE41F001011AF808
:106C5000010F2028F9D023280CD02B2804D02D2870
:106C600005D0302809D00BE041F00201EFE741F0F8
:106C70000401ECE741F00801E9E741F01001E6E723
:106C80002A280FD1D9F8002052F8040BC9F80020A7
:106C900000280F9003D540420F9041F004010AF103
:106CA000010A14E00F92DFF8EC3B0AE00F989842DB
:106CB00005DA00EB800402EB4402303A0F920AF14D
:106CC000010A9AF80020A2F130000A28EED39AF8BF
:106CD00000002E2803D04FF0FF320E9229E01AF860
:106CE000010F2A2809D1D9F8000050F8042BC9F85F
:106CF00000000E920AF1010A1BE02D280CBF0AF1D8
:106D0000010A002000220E92DFF8884B0BE040B908
:106D10000E9AA24205DA02EB820503EB4503303BF3
:106D20000E930AF1010A9AF80030A3F130020A2A00
:106D3000EDD3ADF840100FF660309AF8001001F076
:106D4000B9FC08B11AF8010B8DF842009DF8420019
:106D5000682805D19AF8000068280CD1622106E065
:106D60006C2804BF9AF800006C2804D171218DF8BA
:106D700042100AF1010A12A806901AF801BBBBF1F1
:106D800025012CD01C3900F09481091F022940F202
:106D90009081133900F0AB84093900F08A81891E93
:106DA00000F04085491E00F0ED84491E022940F2A2
:106DB0008081091F00F0E684491F00F0EF80491E22
:106DC00000F09584491E00F0D780C91E0CD0891EA2
:106DD00000F08D84C91E00F08A8400F02EBD0123CE
:106DE0000793252100F026BDD9F8000050F8044B88
:106DF000C9F80000002C059440F0AB802B9948782E
:106E0000002800F0A1804FF0FF340FF6942001F02D
:106E10005DFC241A40F0398500F01BBD01236A4651
:106E200002A9304600F000FE002840F02E85641EC6
:106E3000F4D13096079C12AF74B1309E17F8011B45
:106E40000498B0470028049000F01F850D98401C5E
:106E5000641E0D90F2D130960A9C3021002C8DF8E2
:106E600000100CDD309E01236A4602A9304600F076
:106E7000DBFD002840F00985641EF4D13096059FA3
:106E8000089C74B1309E17F8011B0498B047002885
:106E9000049000F0FA840D98401C641E0D90F2D10D
:106EA00030960B9C3021002C8DF800100CDD309EAC
:106EB00001236A4602A9304600F0B6FD002840F0E2
:106EC000E484641EF4D1309605980899099C47180B
:106ED00074B1309E17F8011B0498B0470028049045
:106EE00000F0D3840D98401C641E0D90F2D13096B2
:106EF0000C9C3021002C8DF800100CDD309E0123FD
:106F00006A4602A9304600F08FFD002840F0BD849B
:106F1000641EF4D130969DF8400041077FF584AEA1
:106F20002020002D8DF800007FF77EAE309C0123DD
:106F30006A4602A9204600F077FD002840F0A584AB
:106F40006D1EF4D130946FE60FF63C30059000F0E2
:106F500080BC0E9D002D04D52046FDF7CBFE0446D7
:106F600007E02A46204601F0D1FB002814BF041B8D
:106F70002C46089400F06DBCD9F8001051F8040BB1
:106F8000C9F8001020F00004002121F0FF35CDE900
:106F9000024512AB0593782100F040BC2B9948784C
:106FA00020B14FF0FF340FF6B02030E79DF84200DB
:106FB000622860D0682817D06A283FD06C2806D095
:106FC000712847D074282CD07A281DD062E0D9F8D7
:106FD000001051F8040BC9F80010002866D14FF0DA
:106FE000FF340FF68C2012E7D9F8001051F8040B8B
:106FF000C9F8001020B94FF0FF340FF6742006E7EF
:107000000D99018000F025BCD9F8001051F8040B4F
:10701000C9F80010002849D14FF0FF340FF6502076
:10702000F5E6D9F8001051F8040BC9F80010002853
:107030003CD14FF0FF340FF63820E8E6D9F80010C5
:1070400051F8040BC9F8001080B94FF0FF340FF667
:107050002020DCE6D9F8001051F8040BC9F8001024
:1070600020B94FF0FF340FF60820D0E60D9AD31761
:10707000C0E90023EDE3D9F8001051F8040BC9F87A
:10708000001020B94FF0FF340FF6E410BFE60D9961
:107090000170DEE3D9F8001051F8040BC9F80010B4
:1070A00020B94FF0FF340FF6C810B0E60D9901601B
:1070B000CFE39DF842004C2807BFD9F80010CA1D45
:1070C000D9F80000C21D22F00702C9F80020D2E959
:1070D00000010832C9F80020CDE90201C80F02D032
:1070E00007982D210AE0BDF84000810702D50798D6
:1070F0002B2103E0C00705D50798202112AA1154BF
:10710000401C079012A807994BF0200300EB010CDC
:10711000DDE90201CDE92C01612BCDF814C021ACD1
:107120000BD00E98002848BF062105D404BF4BF0B1
:107130002000672801D101210E91DDE902014F00F5
:1071400047EAD0777E15FF174FF0FF32974208BF0E
:10715000964210D1090341EA10510003002908BFEB
:10716000002808D0ABF1610503211A2D089118D32E
:107170000FF61C1110E0DDE902014A00521512F170
:10718000010F11D108030FD1ABF1610503211A2DB5
:1071900008911FD30FF6001103226046FBF7C2FFD0
:1071A00057E30FF6E801F7E7DDE902016A4601F06F
:1071B000D9FACDE902014BF02000612811D10598E0
:1071C00030210170821C0592BBF1610F0CBF782148
:1071D000582102E00FF6BC01DEE741700798801CE1
:1071E0000790DDE9020120F0000231F0004308BF02
:1071F000002A02D10026002542E14BF02008B8F118
:10720000610F40F092800E98002847BF2121019124
:10721000401C0190019FDDE92C017F1C002200230E
:10722000DDE9024501F0D6FA38BF85F00045009946
:107230008DF88420091F002F00910DF1850632DDA5
:10724000204629460022002301F0DEFA2BD21C2220
:1072500001F0F4FA04460D4601F072FBFF1F002F07
:10726000804609DD01F073FB02460B4620462946A5
:1072700001F074FB04460D46F01D0721B8F1000F24
:107280000CDD491E5EBF08F00F0200F8012D4FEA29
:107290002818F3D502E0002200F8012D491EFAD586
:1072A000C61D002FCCDC0DF18500361A01980DF1BA
:1072B00085048642D8BF304600282FD4B04206DA73
:1072C0000DF185010A5C082AA8BF0F2100DA002110
:1072D000024621AB134400E0401E13F80159521E30
:1072E0008D42F9D00F2904D10DF185018B5C5B1C17
:1072F0008B54002A04D50099091D21AC401C009133
:10730000411E0BD4621813783033DDB23A2DA4BF7E
:107310005B443A3B491E02F80139F4D50E99002925
:1073200040F1AC80421E0E92A8E00099DFF8E826FA
:1073300047F29750414391FBF2F20092DDE92C4570
:10734000C2F10702002A25F0004504DD2046294647
:1073500000F03EFB0BE052420020DFF8C01600F0C8
:1073600037FB02460B462046294601F000FB044647
:107370000D46B8F1660F06BF009F0A3706270E9824
:107380003F18142FC8BF142730208DF884000DF14A
:107390008506002F34DD2046294601F0F1FA01462A
:1073A0000A4606F1080304200A26B2FBF6F606EBAD
:1073B000860EA2EB4E02303203F8012C0A22B6FBF5
:1073C000F2F202EB820EA6EB4E063036401E03F8B8
:1073D000026DE9D1083F002F03F10806D9DD084608
:1073E00001F0D5FA02460B462046294601F0B6FACE
:1073F0000022DFF82C3601F0D1FA04460D46CAE728
:107400000DF18500361A0DF1850404E00098401E48
:10741000761E0090641C20783028F7D0B8F1660FF3
:1074200002D10098401C04E0B8F1650F0CBF0120A8
:1074300000200E9940188642B8BF701E00281DD447
:10744000B04204DA215C3429C8BF392100DC302184
:107450000246631E9D1800E0401E15F80169521E89
:107460008E42F9D0392902D1A15C491CA154002ACD
:1074700004D50099491C1C46401C00910646009DFD
:107480000E9F30B2002802DC01260FF210644BF090
:107490002000662808BF6D1C15D067280FFA85F8F4
:1074A00041D118F1040F44DBB84542DA9DF84000A1
:1074B0006D1C010703D430B2B842D8BF074628B2CA
:1074C0003F1A48BF00270FFA85F8B8F1000F00F304
:1074D000AF800898411C0891302205990A54002F6A
:1074E00003DC9DF84000010705D50898411C089170
:1074F0002E2205990A5417EB080FB8BF7D422DB212
:107500006842ED1932B20B909542B8BF2E46059BEA
:10751000089836B20996324621461844FBF702FE17
:10752000AD1B0C95CCE0BBF1610F15D14FF0700B8A
:1075300017E030B2B84204DA9DF840100A0758BF8D
:1075400007467F1E48BF0027BBF1670F14BF4FF0EF
:10755000450B4FF0650B04E0BBF1410F08BF4FF046
:10756000500B0898411C0891002F059914F8012B25
:107570000A5403DC9DF84000010719D50898411C06
:1075800008912E2205990A54002F11DD761E30B283
:107590008742B8BF3E460598089B32B22146184440
:1075A000FBF7C0FD089836B23018BF1B08900B9748
:1075B000059808990844B8F1000F80F800B003D48A
:1075C0002B224270821C04E02D2145464170821C12
:1075D0006D4200212CAB28460AE004460A2094FBA9
:1075E000F0F000EB8005A4EB450403F8014B491CC7
:1075F00000B20028F1DC012906DC4BF020006528F0
:1076000004BF302002F8010B00292CAB08D1302038
:1076100002F8010B06E0491E585C303002F8010BFD
:107620000029F8DC059908980844121A099247E0E5
:1076300030B229B288421BDA0598089B32B2214643
:107640001844FBF76FFD089936B271180891A8EB42
:107650000600002F0B9003DC9DF84000020705D5C3
:10766000059A2E2050540999491C09910C9727E03E
:107670000598089B2AB221461844FBF753FD089849
:10768000761B4044002F089003DC9DF840100A0749
:1076900004D5411C08912E2205990A5430B2874224
:1076A000B8BF3E460598089B32B204EB0801184467
:1076B000FBF738FD089836B23018BE1B08900B96C1
:1076C0009DF8400000F01400102840F0C280079A96
:1076D00008980B99821809988A1882180C980F99A3
:1076E0008018884280F2B580081A0A90B1E09DF8AF
:1076F0004200622808D068280ED06A2814D06C286E
:107700001FD0712810D01CE0D9F8001051F8040BDC
:10771000C9F80010C0B21AE0D9F8001051F8040BF3
:10772000C9F8001080B212E0D9F80000C21D22F0A2
:107730000702C9F80020D2E900010832C9F8002088
:1077400006E0D9F8001051F8040BC9F80010002128
:10775000CDE902019DF8400001075AD5DDE9022379
:10776000002B08BF002A54D04BF02000782850D1BD
:10777000079812A930220A54401C431C079301F8B1
:1077800000B046E09DF84200622808D068280ED07C
:107790006A2814D06C281FD0712810D01CE0D9F8AA
:1077A000001051F8040BC9F8001040B21AE0D9F8E3
:1077B000001051F8040BC9F8001000B212E0D9F81B
:1077C0000000C21D22F00702C9F80020D2E9000122
:1077D0000832C9F8002006E0D9F8001051F8040B6F
:1077E000C9F80010C117CDE90201002902D5079898
:1077F0002D210AE0BDF84000810702D507982B2112
:1078000003E0C00705D50798202112AA1154401C97
:10781000079012A8079901440591594602A800F063
:107820004DF816E001200790D9F8000050F8041B2D
:10783000C9F800008DF848100BE001212522BBF1AA
:10784000000F07918DF8482003D0022207928DF88F
:1078500049B00F9D07990A986D1A08992D1A0B982F
:107860006D1A09992D1A0C986D1A9DF840102D1A51
:1078700048073FF5DFAA2021002D8DF800107FF783
:10788000D9AA309E2C46FFF7C9BA4FF0FF3031B06D
:10789000BDE8F08FCBCCCC0C686A6C747A4C0000DD
:1078A0007072696E74665F733A206261642025733A
:1078B00020617267756D656E740000002DE9FC47EC
:1078C00007468A463C6950466F2808BF082505D000
:1078D000FFF78EF9782814BF0A251025D7E9000193
:1078E0003C2680468946BAF1640F18BFBAF1690F89
:1078F00005D1002903D5D8F1000869EB4909B9F190
:10790000000F08BFB8F1000F0CD1386B50B9082D2B
:107910003AD197F83800010736D530223B2684F853
:107920003B2031E08DF800A0404649462A46EB173F
:1079300000F0AAF93032D0B2761E3A2801960EDA5B
:10794000A255404649462A46EB1700F09DF980466D
:107950005FEA010908BFB8F1000F05D108E09DF802
:1079600000001218513AEBE7F868A1198842DBD3FE
:10797000082D09D197F83800010705D5A05D3028FA
:1079800002D0761E3020A055C6F13C03BB61A11980
:10799000F960386B834208DAC31A3B624FF6EF7026
:1079A000398F01403987BDE8F38700280ED597F855
:1079B000380000F01400102808D17A6B7969386A11
:1079C000521A121AD21A002AC8BF3A62BDE8F387C7
:1079D0002DE9D04306460F4614464FF00008DFF865
:1079E000449012E0E00707D542464B463046394600
:1079F00000F0D4FF06460F464046494642464B46F5
:107A000000F0CCFF641080468946002CEAD1304655
:107A10003946BDE8D0830000A08601000000F03F99
:107A200084D7974100002440F8B505460E46174616
:107A30001C4600205CB117F8011BB068A847B06075
:107A400030B1F06A401CF0620020641EF3D1F2BD38
:107A50004FF0FF30F2BD00007072696E74665F73A4
:107A60003A20256E20646973616C6C6F77656400E1
:107A70007072696E74663A2062616420256E2061BE
:107A80007267756D656E7400000000006E616E00B7
:107A90004E414E00696E6600494E460030000000BF
:107AA00010B4012291F84C30052B03D291F84D30DF
:107AB000052B01D31000A7E0002800F0A4800029C6
:107AC00000F0A180514A12684B7963F392428B799E
:107AD00013F0030363F311420B7A13F0070363F30C
:107AE0001A62CB7963F39E720B7D63F3000291F807
:107AF000243063F3410202600A7910F130031C68FC
:107B000062F307041C604A79012A0BD18A79002AA2
:107B100002D10022826007E08A79012A04D10A6832
:107B2000826001E001228260CA6802610A694261E2
:107B3000CA6982610A6AC2610A680262344A1268CA
:107B40000B7E03F0FF03120A12021A4391F8303041
:107B500003F0FF0363F3174291F8403003F0FF0393
:107B600063F31F6291F8483003F0FF0363F30F22C1
:107B70004264284A126891F8383003F0FF03120A71
:107B800012021A4391F8283003F0FF0363F30F2227
:107B90008264214A12688B7D13F0030392089200DD
:107BA0001A4391F8253013F0030363F38B2291F805
:107BB0002C3013F0030363F3051291F8343013F003
:107BC000030363F3092291F83C3013F0030363F3DA
:107BD000871291F8443013F0030363F38302C26405
:107BE0000E4A126891F84C3013F00703D208D20005
:107BF0001A4391F84D3013F0070363F30612426500
:107C0000497D81670022100010BC7047F0DB28100E
:107C1000F4DB2810F8DB2810FCDB281000DC28102F
:107C2000016851F0004101607047816070478068D1
:107C300070477830016851F001010160704710F120
:107C400070010A6852F001020A60006F704740300C
:107C5000016851F01001016070470000D2B2203A73
:107C600022BF00FA02F1002070475242D041D2F107
:107C7000200291404140D040904041407047002850
:107C800048BF404270470000BBBBE1B1B2F5803F46
:107C900080F07E80022A1ED98C46B1FBF2F102FBF5
:107CA00011C31B0443EA1043B3FBF2FC02FB1C3379
:107CB00080B240EA0343B3FBF2F002FB103240EA29
:107CC0000C4000237047022A05D98446B0FBF2F02D
:107CD00002FB10C270474AB105D100F00102490809
:107CE0005FEA3000704700220023704700F060BE5A
:107CF0000B000200002100207047904271EB030C42
:107D0000F6D3B3F5803F2FD2F0B5B3FA83F7B1FACB
:107D100081F4A7F10F0E3D1B5340CEF1200602FA6D
:107D20000EF2F3415340B5F10F0746D80F3C2C44F7
:107D30004140C4F12006A040F1414140B1FBF3F6BF
:107D400003FB1611A2FB0645001BA94102D2761EB9
:107D50008018594180EA010221FA0EF362FA0EF20C
:107D600000215A403046F0BD30B4B1FBF3FC03FBB8
:107D70001C11A2FB0C45001BA94103D2ACF1010C64
:107D80008018594130BC02460B46604600217047BE
:107D9000B2F1807F65D3F0B5B2FA82F7B1FA81F41F
:107DA000C7F10F063D1B22FA06F307F1110EF2414F
:107DB00020355A40B5F10F07B8D94140C4F120062B
:107DC000A040F1414140B1FBF3FC03FB1C11A2FBBD
:107DD0000C45001BA94103D2BCF1010C801859418C
:107DE0000F2F12D30F3FC90341EA5041B1FBF3F605
:107DF00003FB1611A2FB0645D4EBC030A94102D209
:107E0000761E8018594146EACC3C07B34140C7F181
:107E10002006B840F1414140B1FBF3F603FB1611D7
:107E2000A2FB0645001BA94102D2761E80185941CB
:107E300080EA010221FA0EF3C7F1200462FA0EF281
:107E40000CFA07F05A402CFA04F13043F0BD80EAF6
:107E5000010221FA0EF3002162FA0EF260465A4046
:107E6000F0BD8C46B1FBF2F102FB11C31B0243EAE9
:107E70001063B3FBF2FC02FB1C331B024CEA002034
:107E800043EA1063B3FBF2FC02FB1C331B024CEA17
:107E9000002043EA1063B3FBF2FC02FB1C331B021D
:107EA0004CEA002043EA1063B3FBF2FC02FB1C32F5
:107EB0004CEA00200023704730B4614B1818C00909
:107EC000604C14EB001404290DD223681F25C80050
:107ED0008540AB43D2B212F01F02C90012FA01F181
:107EE000194321600CE0091F63681F25C800854005
:107EF000AB43D2B212F01F02C9008A401A4362603B
:107F000030BC7047002A04D1012212FA01F141600D
:107F100003E0012212FA01F18160704710B4890078
:107F2000436C0F248C40A34312F00F0212FA01F1AC
:107F30001943416410BC704710B4836C01248C4019
:107F4000A34312F0010212FA01F11943816410BC3B
:107F5000704710B4C36C01248C40A34312F001029B
:107F600012FA01F11943C16410BC704710B4490002
:107F70001031C36C03248C40A34312F0030212FAA5
:107F800001F11943C16410BC70474269012212FA21
:107F900001F141614069704710B4836901248C404C
:107FA000A34312F0010212FA01F11943816110BCDE
:107FB000704710B44900036C03248C40A34312F0B3
:107FC000030212FA01F11943016410BC7047F8B5BD
:107FD00005000E0014000027002D2ED0002C2CD000
:107FE000226831002800FFF78DFF227A3100280037
:107FF000FFF762FF626931002800FFF79DFFA26969
:1080000031002800FFF7A5FFE26931002800FFF7E3
:10801000ADFF626831002800FFF780FFE2683100A1
:108020002800FFF7C6FF31002800FFF7AEFF2269E6
:1080300031002800FFF7B0FF00E0034F3800F2BD29
:108040000000CFBF0000304001005A002DE9F44F7E
:10805000DFF8D822DFF8D8321B68DFF8D84224686E
:10806000DFF8D4522D68DFF8D4623668DFF8D072BA
:108070003F68DFF8D0C2DCF800C0DFF8CCE2DEF801
:1080800000E0DFF8C882D8F80080DFF8C492D9F8A1
:108090000090DFF8C0A2DAF800A0002800F01581F7
:1080A000002900F012810A68022A06D191F82620E0
:1080B000002A02D15FF0000B03E0D1F804B0BBF15D
:1080C000010B91F82420002A01D0012200E00022B7
:1080D00062F3104333F440436BF30303022262F371
:1080E000196303600A7812F0030262F319640464EE
:1080F00091F82520002A01D0012200E0002262F33D
:108100008615CA7E002A01D0012200E0002262F317
:108110008A254A7E002A01D0012200E0002262F373
:1081200008258A7E002A01D0012200E0002262F3A5
:1081300049258A6B521E12F00F0262F313450A6939
:10814000521E12F00702ED08ED0015434A6962F372
:1081500004154A69520862F3451585640A7B002AB2
:1081600001D0012200E0002262F308260A7E002AE4
:1081700001D0012200E0002262F349268A68521EE3
:1081800012F01F02760976011643C0F800630A7FD9
:1081900002F0FF023F0A3F02174391F8202002F04D
:1081A000FF0262F31747C0F8107391F82720002AE6
:1081B00001D0012200E0002262F3082C0A69521E5D
:1081C00012F007025FEADC0C5FEACC0C52EA0C0CFE
:1081D0004A6962F3041C4A69520862F3451CC0F8FC
:1081E00044C00A7B002A01D0012200E0002262F391
:1081F000082E8A68521E12F01F025FEA5E1E5FEAB6
:108200004E1E52EA0E0E0A68012A01D1012200E038
:10821000002262F3104EC0F800E291F83C2002F018
:10822000FF025FEA18285FEA082852EA0808C0F847
:10823000048391F82820002A01D0012200E00022C6
:1082400062F35969CA6A012A01D1012200E00022C1
:1082500062F318694A6B012A01D1012300E000236F
:10826000009A63F3104991F8303003F0FF035FEA9E
:1082700019295FEA092953EA0909C0F8509091F8D1
:10828000443003F0FF035FEA1A2A5FEA0A2A53EA3E
:108290000A0AC0F804A28B6CC0F8883F096CC0F8C9
:1082A000C81F002A10D0002050600020106000205D
:1082B00090600020D060002010620020D06200207A
:1082C0001063DFF89400506300221000BDE8F28FC5
:1082D000DFF8881001605FF44011016400218164BF
:1082E00040F20711C0F800130022C0F80423002256
:1082F000C0F8102300224264C0F800120021C0F828
:108300000412002101650021C0F8C81E0021C0F838
:10831000881E0021C0F8C81F0021C0F8881F002156
:10832000C0F8081F0021C0F8481F70470160AA006C
:10833000B8DB2810BCDB2810C0DB2810C4DB2810F9
:10834000C8DB2810CCDB2810D0DB2810D4DB2810A9
:10835000D8DB2810DCDB2810EFCDAB000F000003CA
:10836000002007E00549C2018A5822F00042C301FB
:10837000CA50401C3F28F5DB704700000000584001
:1083800030B40021234A1368234A1468002832D0ED
:10839000224A1568C5F303250E2D0FD01268C2F3CB
:1083A00003220D2A28D1827812F00F022409240119
:1083B00014430279002A15D0012214E0827812F0C9
:1083C0000F021B091B0113430279002A01D001226D
:1083D00000E0002262F3DF73114AB0F9000042F8B6
:1083E000203009E0002262F3DF740E4AB0F9000089
:1083F00042F8204000E00649080030BC70470A4BB4
:108400001A68002A03D01A6800B242F82010704798
:1084100001005600E8DB2810ECDB281000002040AB
:1084200000A0204000C02040EC060828154A126831
:1084300061F30F0282607047C1607047016170474D
:108440000068C00F002801D10F4800E000207047ED
:10845000F8B504000D0016001F002000FFF7F0FF24
:1084600000280DD131002000FFF7E6FF3900200081
:10847000FFF7E4FF29002000FFF7D8FF002000E00D
:108480000148F2BDA4DB281001008A00FEE70000CD
:1084900000B500BF130096469446103928BFA0E8E7
:1084A0000C50FAD85FEA417C28BF0CC048BF40F8A6
:1084B000042BC90728BF20F8022B48BF00F8012B66
:1084C00000BD00002DE9F041DFF8D0311C00DFF8DD
:1084D000D051D5F800C0DFF8CC512D68DFF8C86165
:1084E0003668DFF8C8713F685FF0000E5FF0000E7D
:1084F000002800F0D080002900F0CD804C68002CCE
:1085000001D18C6805E04C68022C01D1002400E008
:108510000224D1F810E0D1F81480C64502D3D1F876
:1085200010E001E0D1F814E0BEF1090F08D23CF4EC
:10853000404C91F82130002B12D05CF4807C11E08B
:10854000BEF1110F03D2012363F38F3CF1E7BEF1BB
:10855000210F03D2022363F38F3CEAE718009BE06C
:108560003CF4807CCB685B1E13F00F035FEA1C1C9D
:108570005FEA0C1C53EA0C0C012363F3196CC0F87E
:1085800000C00B7F002B01D0002300E0012363F328
:1085900000054B681B0963F34105CB7E63F30415AB
:1085A0004B7E63F345150B68012B01D1012300E0DD
:1085B000002363F3DF7523005B0863F3820564F334
:1085C000C3054B7F63F308258B7F63F34925CB7F7E
:1085D00063F38A2591F8203063F3CB250B7913F0F0
:1085E000030363F3196505620B7E63F308278B7E33
:1085F00063F349270B695B1E13F01F037F097F019B
:108600001F43C0F8007391F8243003F0FF0310F506
:10861000417425682D0A2D022B4323600B7E63F3E2
:1086200008264B695B1E13F01F03760976011E4373
:10863000C0F8006291F82C3003F0FF0310F50174CC
:1086400025682D0A2D022B4323600B6BC0F8883F51
:108650008B6AC0F8C83F91F8383010F5706425680F
:1086600063F34925256091F8391010F574631C688F
:1086700061F3CB241C600021C0F8C81E002A09D079
:1086800000201060002090610020D0600020D061A8
:108690000748106200242000BDE8F0810140AA00D4
:1086A000A8DB2810ACDB2810B0DB2810B4DB2810C6
:1086B000EFCDAB00C9B202788A421AB11CBF10F8E4
:1086C000012FF9E718BF00207047000080B500B9FE
:1086D00006A005490B681BB122220021984701E042
:1086E00000F067F9222002BD58220828636F6E73DC
:1086F000747261696E742068616E646C65723A2090
:10870000626164206D65737361676500C9B2830738
:1087100006D0521E22D310F8013B9942F7D11FE038
:10872000083A13D302F1040241EA012141EA01416E
:1087300050F8043B121F21BF4B40A3F1013C2CEA2F
:10874000030C1CF0803FF3D0C9B2001F083210F8B0
:10875000013B521E28BF91EA030FF8D818BF012031
:10876000401E704710B5144600F002F8226010BD9C
:10877000C1F30A5343B14A0012F5001F28D2A3F2F5
:10878000FE32A1EB0251704750EA410C20D001F0BB
:10879000004C31EA0C01B1FA81F204BFB0FA80F367
:1087A000D2180B3AB2F120032CBF00FA03F191402A
:1087B00041EA0C013EBFC2F1200C20FA0CF3194330
:1087C0009040524240F2FD33D21A01EB0351704700
:1087D0000022704741EA030C50EA4C0C52EA0C0CA0
:1087E0004FF4001C09D307D01CEB410F9CBF1CEBBE
:1087F000430F8B4208BF824270471CEB430FFBD8EC
:10880000994208BF9042704741EA030C50EA4C0C71
:1088100052EA0C0C4FF4001C09D307D01CEB410F9B
:108820009CBF1CEB430F994208BF904270471CEB62
:10883000410FFBD88B4208BF8242704700B541EC24
:10884000100B104600F004F851EC100B00BD00BFF7
:10885000020030EE101B40F2FF7C37D41CEA1153AB
:1088600013D063456BD09B18634504D201EB0251D2
:1088700020EE101B704701F0004141EA0C5100202E
:1088800041EC100BAFF30080704710EE100B50EA74
:10889000410054D0B2F57F7F08D202EB5C0109059C
:1088A000002041EC110B20EE010B70474FF0FE4110
:1088B000002341EC113B20EE010BB2F57E7230EE4D
:1088C000101B4FEA410342EB5353CDE752421CEADF
:1088D000115316D0634532D09A4204D2A1EB025113
:1088E00020EE101B70475B1ED21AA1EB035120EE45
:1088F000101B372A0CD3002001F0004141EC100B73
:10890000C0E710EE100B50EA410018D0372AF2D21F
:10891000C2EB5C021105002041EC110BF1EE100AD4
:1089200020F01F0121F4F851E1EE101A20EE010BA6
:10893000F1EE101AE1EE100A11F0080FA2D1704703
:1089400041EC100BBDEEC00B10EE100A704700EEAC
:10895000100AB8EEC00B51EC100B704741EC100B35
:1089600043EC112B30EE410B51EC100B704741ECF6
:10897000100B43EC112B80EE010B51EC100B7047E8
:1089800041EC100BBCEEC00B10EE100A704700EE6D
:10899000100AB8EE400B51EC100B704741EC100B75
:1089A00043EC112B20EE010B51EC100B7047000033
:1089B0007047012000F000B880B5AFF30080024A94
:1089C00011001820ABBEFBE726000200DFF8FC1800
:1089D000C0B20860704710B50100DFF8E008007809
:1089E00000280CD10820DFF8D8281060C9B2012077
:1089F000FDF7D8FD0820DFF8D818086019E0DFF887
:108A0000C408082202601022DFF8B4381A60DFF8C8
:108A1000B84804222260022202600800C0B2FFF7B8
:108A2000D5FF02202060082020601020DFF8A01869
:108A3000086010BD10B50100DFF88008007800283C
:108A400004D1C9B20120FDF7ADFD11E0DFF87408D3
:108A500008220260DFF870480422226002220260CD
:108A60000800C0B2FFF7B2FF02202060082020609B
:108A700010BD70B50400DFF844080078002805D167
:108A8000210089B20120FDF73DFE1BE0DFF83468CC
:108A900008203060DFF83058042028600220306061
:108AA000200080B2000AC0B2FFF790FF02202860C9
:108AB000022030602000C0B2FFF788FF022028604B
:108AC0000820286070BDF8B504000D00DFF8EC0741
:108AD0000078002805D12A0021000120FDF767FE5B
:108AE00021E0DFF8E06708203060DFF8DC77042061
:108AF000386012E002203060208880B2000AC0B2E4
:108B0000FFF764FF02203860022030602088C0B286
:108B1000FFF75CFF02203860A41C2800451E0028D7
:108B2000E8D108203860F1BD2DE9F04706001500B6
:108B30001F00DFF8A0873000B8F8002080B2904214
:108B400001D2012000E000200C00DFF88C9740F2F9
:108B500049124946C0B2F9F7A8FDDFF880A7200006
:108B6000BAF8001080B2884201D2012000E0002053
:108B70004FF4A5724946C0B2F9F797FD2800B8F83E
:108B8000001080B2884201D2012000E0002040F2B3
:108B90004B124946C0B2F9F788FD3800BAF8001008
:108BA00080B2884201D2012000E000204FF4A6727A
:108BB0004946C0B2F9F779FD2A20FFF70CFF3000D3
:108BC00080B2FFF756FF280080B2FFF752FF2B203C
:108BD000FFF701FF200080B2FFF74BFF380080B2A3
:108BE000FFF747FF2C20FFF7F6FEBDE8F08700B542
:108BF00085B06846F9F777FD0120ADF80000DFF891
:108C0000D4060088ADF80200DFF8D0060088ADF881
:108C10000400DFF8D0060078002803D002280FD027
:108C200007D30DE006208DF8060008208DF8070018
:108C300006E008208DF8060010208DF80700FFE7F9
:108C40000FF2CD5003900FF2110004906846F9F72F
:108C50005AFD05B000BD00002DE9F041DFF8745663
:108C60002888400000F008FD040000200020DFF804
:108C70004C663078002803D10820DFF848160860D9
:108C8000DFF858763888431E9BB22888421E92B27D
:108C900000210020FFF748FF002007E0DFF8401622
:108CA0000988020092B224F81210401C01002A88A0
:108CB00089B29142F2D35FF0000805E029882000D4
:108CC000FFF701FF18F101084046398880B2884259
:108CD000F4D33078002803D10820DFF8EC150860C1
:108CE000200000F0D2FCBDE8F081DFF8FC15087030
:108CF00008780028012803D9801E01280AD912E02B
:108D0000F020DFF8D01508804FF4A070DFF8CC1504
:108D1000088008E04FF4A070DFF8B8150880F02054
:108D2000DFF8B81508807047DFF8C0251080DFF83D
:108D3000B00501807047F8B506000C001500300042
:108D4000DFF89015098880B2884201D2012000E046
:108D50000020DFF884754FF400723900C0B2F9F7D3
:108D6000A4FC2000DFF87415098880B2884201D283
:108D7000012000E0002040F201223900C0B2F9F7E2
:108D800094FCDFF838753878002803D10820DFF824
:108D90003415086023009BB2320092B2210089B2E0
:108DA000300080B2FFF7C0FE280080B2FFF761FEFE
:108DB0003878002803D10820DFF80C150860F1BDD1
:108DC000000000002DE9F0472DED028B0600150094
:108DD0001F00DFF800853000B8F8002080B2904214
:108DE00001D2012000E000200C00DFF8EC9440F2FA
:108DF0001E224946C0B2F9F758FCDFF8E0A4200073
:108E0000BAF8001080B2884201D2012000E00020B0
:108E100040F21F224946C0B2F9F747FC2800B8F8D3
:108E2000001080B2884201D2012000E000204FF4FF
:108E300008724946C0B2F9F738FC3800BAF8001099
:108E400080B2884201D2012000E0002040F22122BD
:108E50004946C0B2F9F729FC3000290080B289B236
:108E6000884202D25FF0010901E05FF0FF39200083
:108E7000390080B289B2884202D25FF0010A01E073
:108E80005FF0FF3A9FED5F0A9FED5E0ADDF82880F4
:108E90003000290080B289B2884238D0210089B2DE
:108EA000380080B2091A00EE101AB8EEC00A31007C
:108EB00089B2280080B2091A00EE901AF8EEE00A92
:108EC00080EE208A200080B200EE100AF8EE408A80
:108ED000300080B200EE100AB8EE400A40EE488A38
:108EE000310089B2280080B2091A00291ED431004D
:108EF00089B2280080B2091A1DE0424692B22100D0
:108F000089B2300080B2FFF716FF1AEB040420008C
:108F1000390080B289B28842EFD1424692B2210034
:108F200089B2300080B2FFF706FF66E0290089B2FF
:108F3000300080B2091A220092B2380080B2121AB0
:108F4000002A05D4220092B2380080B2121A04E03E
:108F50003A0092B2200080B2121A91423FDA17E032
:108F6000424692B2210089B2300080B2FFF7E3FEA0
:108F70001AEB0404200080B200EE100AB8EE400A9A
:108F800030EE680A80EE080ABDEEC00A10EE106AE4
:108F90002000390080B289B28842E1D1424692B2C3
:108FA000210089B2300080B2FFF7C5FE25E04246BD
:108FB00092B2210089B2300080B2FFF7BCFE19EBFB
:108FC0000606300080B200EE100AB8EE400AF0EE5D
:108FD000680A40EE080ABDEEE00A10EE104A3000C2
:108FE000290080B289B28842E1D1424692B2210082
:108FF00089B2300080B2FFF79EFEBDEC028BBDE867
:10900000F087000000000000F8B5D8B005000E00A1
:1090100014002800DFF8BC12098880B2884201D20F
:10902000012000E00020DFF8B07240F25D2239003C
:10903000C0B2F9F73AFB3000DFF8A012098880B21D
:10904000884201D2012000E0002040F25E22390077
:10905000C0B2F9F72AFB00200020DFF860723878F0
:10906000002803D10820DFF85C120860DFF87402E2
:109070000078002804D0022800F0C18047D3BEE069
:10908000F31D9BB26A1D92B2310089B2280080B2F2
:10909000FFF74AFD002000E0401C0100C9B206298C
:1090A00030DA0621DFF848222300DBB24B431A44B2
:1090B0000300DBB21A4412F8C02C00230CE040ADD0
:1090C0001E00F6B24E4356FA80F6DFF814C2BCF822
:1090D00000C025F816C011E01D00EDB2082DDBDA46
:1090E000D507ECD540AD1E00F6B24E4356FA80F6D9
:1090F000DFF8F8C1BCF800C025F816C0D2B252089B
:109100005B1CE9E7302140A8FFF7DDFC77E016F1B2
:109110000F039BB2EA1D92B2310089B2280080B2DF
:10912000FFF702FD002000E0401C0100C9B2082941
:1091300060DADFF8C0212100C9B20901114403003F
:10914000DBB21944B1F5007109782300DBB21B01D1
:109150001A440300DBB21A44B2F5FC721278002301
:109160001DE06D461E00F6B2F60056FA80F6DFF8F6
:1091700070C1BCF800C025F816C00DE0CD07F0D5D1
:109180006D461E00F6B2F60056FA80F6DFF85CC1B6
:10919000BCF800C025F816C0C9B249085B1C1D0008
:1091A000EDB2082DEADB00210DE06B460D00EDB2BB
:1091B000ED0055FA80F503EB4503DFF824512D88C7
:1091C000A3F8805012E00B00DBB2082BACDAD30717
:1091D000EBD56B460D00EDB2ED0055FA80F503EBD3
:1091E0004503DFF808512D88A3F88050D2B2520809
:1091F000491CE8E780216846FFF765FCFFE73878FF
:10920000002802D108203049086059B0F0BD0000A4
:10921000F8B504000E0015002000DFF8B81009882A
:1092200080B2884201D2012000E00020DFF8A8705F
:1092300040F2BA223900C0B2F9F737FA3000DFF84D
:109240009C10098880B2884201D2012000E00020F1
:1092500040F2BB223900C0B2F9F727FA00270EE02E
:109260000CE0380080B22A5C310089B2380080B24C
:10927000C00010FA84F080B2FFF7C6FE7F1C3800F1
:1092800080B2285C002817D0DFF86C000078002836
:1092900003D00228E4D0E4D3F0E7380080B22A5C9F
:1092A000310089B23B009BB20620434313FA84F09D
:1092B00080B2FFF7A9FEE1E7F1BD000074220828A3
:1092C000040B31400406314008063140800631402D
:1092D000080B31408807082864C928108A07082825
:1092E0008E07082896070828752208288C07082862
:1092F00058B6281060A8281096070828FEB5C0B2F6
:10930000002830D10020D0490870D44CB4202070FF
:10931000D34D58202870D34E63203070082002901F
:1093200004200190012000900123CF4A0021012058
:10933000FDF70AFB032300220121B320FCF772FE94
:109340000323002201212078FCF76CFE0323012275
:1093500001213078FCF766FE0323012201212878E1
:10936000FCF760FE5FE00120B7490870BB48B321FD
:109370000170BB4C58212170BA4D63212970032321
:10938000002201210078FCF74DFE03230022012179
:109390002078FCF747FE0323012201212878FCF7FF
:1093A00041FE0323002201216220FCF73BFE032340
:1093B000002201216120FCF735FE03230122012157
:1093C000B420FCF72FFE0323012201216820FCF7C3
:1093D00029FE0323012201216920FCF723FE032338
:1093E000012201216A20FCF71DFE03230122012135
:1093F0006B20FCF717FE0323012201216C20FCF7F0
:1094000011FE0323012201216D20FCF70BFE032333
:10941000012201216E20FCF705FE03230122012118
:109420006F20FCF7FFFD914C2078FFF75EFC894828
:10943000018889480088FFF777FC8D4D0126884810
:10944000017811F0070116FA01F10078C01015EB50
:10945000C0100160814F387810F0070016FA00F054
:109460003978C910834A12EBC11210600520FAF74F
:109470009EFA387810F0070086403878C01015EB57
:10948000C0152E607820FAF792FA6F4D28780028E0
:1094900002D108206D4908601120FFF79CFA78205E
:1094A000FAF785FA3620FFF796FA2078002805D0DB
:1094B00002280BD006D303280CD00EE00020FFF7C3
:1094C000B9FA0AE0C020FFF7B5FA06E07020FFF70E
:1094D000B1FA02E0A020FFF7ADFA3A20FFF77BFADD
:1094E0000520FFF7A7FAB220FFF775FA0C20FFF767
:1094F000A1FA0C20FFF79EFA0020FFF79BFA332019
:10950000FFF798FA3320FFF795FAB720FFF763FAD1
:109510003520FFF78FFABB20FFF75DFA2920FFF710
:1095200089FAC220FFF757FA0120FFF783FAC32018
:10953000FFF751FA1920FFF77DFAC420FFF74BFA25
:109540002020FFF777FAC520FFF745FA1A20FFF72A
:1095500071FAC620FFF73FFA1F20FFF76BFAD02001
:10956000FFF739FAA420FFF765FAA120FFF762FAA6
:10957000E020FFF730FAD020FFF75CFA0820FFF771
:1095800059FA0E20FFF756FA0920FFF753FA09207F
:10959000FFF750FA0520FFF74DFA3120FFF74AFA9E
:1095A0003320FFF747FA4820FFF744FA1720FFF768
:1095B00041FA1420FFF73EFA1520FFF73BFA31205D
:1095C000FFF738FA3420FFF735FAE120FFF703FA06
:1095D000D020FFF72FFA0820FFF72CFA0E20FFF714
:1095E00029FA0920FFF726FA0920FFF723FA1520A8
:1095F000FFF720FA3120FFF71DFA3320FFF71AFAA0
:109600004820FFF717FA1720FFF714FA1420FFF786
:1096100011FA1520FFF70EFA3120FFF70BFA34206C
:10962000FFF708FA2120FFF7D6F92920FFF7D3F931
:109630002878002802D1082005490860FFF70CFBB4
:10964000FFF7D5FAF7BD0000742208280406314060
:10965000080631408E0708288C0708289707082835
:10966000980708289907082880C3C9017522082887
:10967000080031400400314010B500F009F8040042
:1096800008BFFFF796F9204610BD00F09FB8000014
:1096900010B50446AFF30080204600F005F80446FC
:1096A000AFF30080204610BDF8B500F10F04E408C8
:1096B000E400A0422BD2082C04D2082402E0083097
:1096C00000F047F8DFF800211368190005D10020E9
:1096D00007E00568A5420DD2011D08680028F8D1F1
:1096E0001868111D00E0191D0B6883420BD01D681E
:1096F000A542F8D359B10B6818680838A04208D2BF
:10970000586808600FE000F063F80028D7D1002007
:10971000F2BD181908601D1D586828511E680F6891
:10972000361B3E601C60096800291DBF4868002880
:10973000081D0020106003F10800F2BD10B5040000
:1097400006D0AFF30080204600F003F8AFF30080AE
:1097500010BD002800D1704770B4A0F10802136852
:10976000072B2ED913F0070F2BD1DFF85C4061686F
:1097700009B18A4203D25160626015E0014648682F
:1097800008B19042FAD308680E18B24219D3964233
:1097900003D11B180B600A4606E0486810B1134459
:1097A00098420ED350604A60506850B11368D51883
:1097B000854206D1002626600168CB1813604068F8
:1097C000506070BC704700001C220828FFF7B6BF2D
:1097D0000749086808B1002070470648C008C00063
:1097E00008600549C908C900091A0160704700BF2F
:1097F0005422082807DC0B2800E00B28DFF8C411EE
:109800000868C0F34000002801D0022002E0086888
:1098100010F001007047DFF8B001006810F001009F
:1098200070470000C21E022A01D3012002E0C01EC0
:109830000860002070471CB5FF246946FFF7F2FF5F
:10984000C0B2002802D02000C0B207E0DFF8FC015F
:10985000009950F8210010F00100C0B216BD0000C0
:10986000002801D0032801D3012002E0401E086037
:10987000002070471CB5FF246946FFF7F1FFC0B216
:10988000002802D02000C0B208E0DFF8C40100992F
:1098900009010844C06810F00100C0B216BD000004
:1098A000DFF8BC010068800810F00100704738B58F
:1098B00004002000C0B2082811D3DFF89851182204
:1098C000DFF894112800FCF75DF80020E87540F6F9
:1098D0005B00DFF8881108600020FCF78BF8DFF8E8
:1098E000CC112000C0B251F82000C0F300200028A5
:1098F00005D0E4B251F8240010F00F0000E0FF2082
:1099000032BD38B504002000C0B2082811D3DFF8FA
:1099100044511822DFF840112800FCF733F80020EA
:10992000E8754FF40960DFF8341108600020FCF797
:1099300061F8DFF87801E4B250F82400C0F30110B8
:10994000C0B232BDDFF868211368C3F30723036098
:109950001068C0F3C40008607047DFF8582113682E
:10996000C3F3072303601068C0F3C40008607047A6
:1099700038B50400072C11D3DFF8D8501822DFF8CF
:10998000C4112800FBF7FEFF0020E8754FF4CE70ED
:10999000DFF8C81008600020FCF72CF8DFF8A00101
:1099A00050F8240010F00700010009B2042907D183
:1099B000DFF8880150F8240010F01F0050F4807088
:1099C00000B232BD2415264040152640DFF8B01203
:1099D00009688A03920B0260090E11F00101C1713E
:1099E000DFF8A01209680A00D204D20C82800A00B3
:1099F000120C02F0FF020281090C01F0FF0141810B
:109A0000DFF84411096811F00F0202730A00C2F373
:109A1000031242730A00120AD204D20CC281090F47
:109A200011F003010174DFF8641309680A00120AD7
:109A300012F0070282710A00120CD205D20D428286
:109A4000890F11F001010175704700004016264092
:109A500000192640D820082848C528102C2208289C
:109A6000100027401CB50C006946FFF7DBFE010023
:109A7000C9B2002901D0C0B217E0DFF8B4040099E0
:109A800050F8210010F07F012160C0F304216160D3
:109A9000C0F30441A1600100090F11F003016173DB
:109AA000C00E10F001002073002016BD40122640A9
:109AB00008002040080420401CB50C006946FFF750
:109AC000CFFE0100C9B2002901D0C0B235E0DFF8F5
:109AD000101500980001085800F0FF022260C0F342
:109AE00004226260C0F30442A260000F10F0030081
:109AF000207300980001084442681000C00F607392
:109B0000C2F30270002801D0012000E00020A07301
:109B100022F07F4222610098000108448068010021
:109B2000C90F21750100090E11F001016175A075C1
:109B3000000C10F00700E075002016BD0001264063
:109B40000012264098C528103815264080B501001F
:109B5000DFF868051822F9F7F5FA0120DFF860153B
:109B60000870002002BDDFF85C150968C90F0029E4
:109B700008D0DFF84C150978002907D100210160D1
:109B800003207047002101600320FAE7DFF82C155D
:109B9000096801600020F4E710B50400FFF72EFE0D
:109BA000002803D10020206003200DE0DFF810051D
:109BB0000078002805D0DFF80405806820600020C8
:109BC00002E000202060032010BD0000DFF8F01448
:109BD0000978002905D0DFF8E41449680160002005
:109BE00002E00021016003207047DFF8DC140968FF
:109BF000C90F002908D0DFF8C8140978002907D157
:109C00000021016003207047002101600320FAE772
:109C1000DFF8A814C96801600020F4E7DFF8AC148D
:109C20000968C90F002908D0DFF8941409780029C1
:109C300007D100210160032070470021016003204B
:109C4000FAE7DFF87814096901600020F4E710B53D
:109C50000400FFF725FE002803D100202060032028
:109C60000DE0DFF85C040078002805D0DFF84C0434
:109C700040692060002002E000202060032010BD29
:109C8000301526403415264010B50C00C0B2FFF741
:109C90006FFE00280ED0012810D0022812D0B0F597
:109CA000887F13D040F21111884213D0B0F58A7F1B
:109CB00014D017E02000FFF756FF16E02000FFF752
:109CC00085FF12E02000FFF767FF0EE02000FFF79E
:109CD0008CFF0AE02000FFF7BAFF06E02000FFF744
:109CE0009DFF02E000202060032010BD80B5010030
:109CF0000020FFF7C9FF02BD80B50322D2B2824225
:109D000003D200200860012003E0401CC0B2FFF72E
:109D1000BBFF02BD18B587B004006846FFF7E6FF39
:109D20000100C9B2002903D000212160C0B22BE09C
:109D300001A8FFF74BFE9DF81400022803D10098FC
:109D40002060002020E0DFF888030068C00F0028B2
:109D500008D0FFF760FDC0B2002807D100202060C6
:109D6000032011E00098206000200DE00099019888
:109D70004143BDF80800B1FBF0F09DF80B10491C01
:109D8000B0FBF1F02060002008B010BD3C1526406B
:109D9000F0B58BB005000C0069462800C0B2FFF793
:109DA000ABFF0100C9B2002903D000212160C0B27D
:109DB000BCE02800C0B202284CD307A92800C0B2DA
:109DC000401CFFF74FFEC0B2002811D0DFF804633B
:109DD0001822DFF804133000FBF7D4FD0020F075E3
:109DE00040F66310DFF8F41208600020FBF702FE73
:109DF0004F482900C9B200EB810050F8080CC00F91
:109E0000002807D09DF82900022807D1009820607B
:109E100000208BE000982060002087E0EDB26D1CF0
:109E20002800FFF708FD0100C9B2002902D0C0B226
:109E3000FF2803D100202060032077E000990798D5
:109E400041430898B1FBF0F00999B0FBF1F02060B4
:109E500000206BE001A92800C0B2401CFFF72CFED7
:109E6000C0B2002811D0DFF86C621822DFF8681247
:109E70003000FBF787FD0020F07540F67F10DFF81B
:109E80005C1208600020FBF7B5FD55482900C9B2F7
:109E900009014058C00F002807D09DF81000022883
:109EA00007D100982060002040E00098206000204A
:109EB0003CE0EDB26D1C2800FFF7DCFC0100C9B2EC
:109EC000002902D0C0B2FF2803D100202060032067
:109ED0002CE09DF8110001281DD1009A0023019E5D
:109EE00000273F0647EA1627360605980021361850
:109EF0004F41A6FB020106FB031107FB0211029A68
:109F0000039BA3FB0223FDF7BFFE000E40EA0120E6
:109F1000090E206009E00099019841430298B1FBC5
:109F2000F0F00399B0FBF1F0206000200BB0F0BD21
:109F30000016264010B50323421E0400E4B2002C94
:109F400003D10800FFF7E6FE0CE01400DBB2E4B238
:109F5000A34204D31000C0B2FFF71AFF02E0C0B260
:109F6000FFF792FE10BD38B505000C002800C0B206
:109F7000FFF79DFC0100C9B2FF2904D12000FFF7C3
:109F8000F2FDC0B21BE06946C0B2FFF7D3FF01008B
:109F9000C9B2002903D000212160C0B20FE028001F
:109FA000C0B2FFF7AEFCC0B2002805D002280BD02B
:109FB00006D303280CD00FE000982060002032BDAB
:109FC000009840082060F9E7009880082060F5E7D5
:109FD0000098C0082060F1E7002020600320EEE731
:109FE000001926401FB5040002A90120FFF7BBFF9E
:109FF0000100C9B2002903D000212160C0B21AE0DB
:10A00000694601A8FFF79EFC01980021421C71F1EE
:10A01000FF335B0143EAD26352010098002112181A
:10A020004B4102980021490141EAD0614001FDF70E
:10A030002BFE2060002004B010BD1FB5040002A953
:10A040000120FFF790FF0100C9B2002903D00021D1
:10A050002160C0B21AE0694601A8FFF77EFC0198B2
:10A060000021421C71F1FF335B0143EAD2635201CC
:10A070000098002112184B4102980021490141EA41
:10A08000D0614001FDF700FE2060002004B010BD4B
:10A0900080B5DFF84C100A68C2F303220E2A07D0FD
:10A0A0000968C1F303210D2905D1FFF7C6FF02BDE1
:10A0B000FFF798FFFBE70120F9E70000C020082820
:10A0C0006622082818152640081526400C1526403B
:10A0D00030152640D820082898C528102C2208289A
:10A0E00000002040DFF8D816886C002802D011F15B
:10A0F0004C0001E0DFF8CC0670472DE9F04186B056
:10A1000004000D001600002720E05FF00C0808FB9B
:10A1100007F0205C06EB800090ED000AB7EEC00A65
:10A1200053EC102B08FB07F0204481686846FAF7CF
:10A13000C1FD6A4608FB07F02044818808FB07F848
:10A1400004EB08004088FFF763F87F1CAF42DCD3C4
:10A1500006B0BDE8F08180B50020FEF7C6FD002105
:10A160004FF6FF70FEF7E0FD0020FFF7C7F8012370
:10A1700001220021A020FBF755FF01BD2DE9F84188
:10A1800089B01A242025DFF84006007800283DD049
:10A19000DFF8382608211C20FFF73AF848F2CE767F
:10A1A000300000901A23EF221A210020FEF70AFE49
:10A1B000002714E030000090200080B2784310FAAD
:10A1C00085F003009BB2EF22200080B2784310FAA2
:10A1D00085F0010089B20020FEF7F4FD7F1C0C2FF2
:10A1E000E8DB0096210089B20B20414311FA85F08B
:10A1F00003009BB27722210089B20320414311FA68
:10A2000085F0010089B27720FEF7DCFDDFF8B0654C
:10A2100096ED000AB7EEC00A53EC102BDFF8B0152C
:10A2200001A8FAF747FD01AA691D89B20820FEF7C7
:10A23000EFFF96ED010AB7EEC00A53EC102BDFF8E2
:10A24000941501A8FAF736FD01AA6119491D89B2D2
:10A250000820FEF7DDFF96ED020AB7EEC00A53ECC8
:10A26000102BDFF8741501A8FAF724FD01AA15EBED
:10A270004401491D89B20820FEF7CAFF96ED110A74
:10A28000B7EEC00A53EC102BDFF8501501A8FAF70F
:10A2900011FD01AA15EB4401491D89B27D20FEF78D
:10A2A000B7FFB6F90C20DFF8381501A8FAF702FD60
:10A2B00001AA032014FB0051491D89B20520FEF7B5
:10A2C000A7FFDFF82075B6F90E20390001A8FAF7CC
:10A2D000F1FC01AA032014FB0051491D89B27D2025
:10A2E000FEF796FFB6F91020DFF8FC1401A8FAF784
:10A2F000E1FC01AA15EB8401491D89B20520FEF796
:10A3000087FFB6F91220390001A8FAF7D3FC01AA99
:10A3100015EB8401491D89B27D20FEF779FF96ED8A
:10A32000090AB7EEC00A53EC102BDFF8C01401A8DD
:10A33000FAF7C0FC01AA052014FB0051491D89B29F
:10A340000520FEF765FFDFF8A87496ED0A0AB7EE60
:10A35000C00A53EC102B390001A8FAF7ABFC01AA94
:10A36000052014FB0051491D89B27D20FEF750FFE6
:10A3700096ED0B0AB7EEC00A53EC102BDFF87414FD
:10A3800001A8FAF797FC5FF0060801AA14FB085130
:10A39000491D89B20520FEF73BFF96ED0C0AB7EE8A
:10A3A000C00A53EC102B390001A8FAF783FC01AA6C
:10A3B00014FB0851491D89B27D20FEF729FF96ED57
:10A3C0000D0AB7EEC00A53EC102BDFF82C1401A8CD
:10A3D000FAF770FC01AA072014FB0051491D89B24D
:10A3E0000520FEF715FF96ED0E0AB7EEC00A53ECF6
:10A3F000102B390001A8FAF75DFC01AA072014FB15
:10A400000051491D89B27D20FEF702FF96ED0F0A2B
:10A41000B7EEC00A53EC102BDFF8E01301A8FAF7EF
:10A4200049FC01AA15EBC401491D89B20520FEF7BC
:10A43000EFFE96ED100AB7EEC00A53EC102BDFF8D2
:10A44000C01301A8FAF736FC01AA15EBC401491D97
:10A4500089B27D20FEF7DCFE96ED050AB7EEC00A54
:10A4600053EC102BDFF89C1301A8FAF723FC01AA88
:10A47000092014FB0051491D89B20520FEF7C8FED2
:10A4800096ED060AB7EEC00A53EC102BDE4901A880
:10A49000FAF710FC01AA092014FB0051491D89B2EA
:10A4A0007D20FEF7B5FE96ED070AB7EEC00A53EC25
:10A4B000102BD64901A8FAF7FDFB0A2701AA14FBC5
:10A4C0000751491D89B20520FEF7A2FE96ED080A44
:10A4D000B7EEC00A53EC102BCD4901A8FAF7EAFBFE
:10A4E00001AA14FB0751491D89B27D20FEF790FE99
:10A4F0000AB0BDE8F0811CB5B3480078002866D0EA
:10A50000C44A0A211920FEF783FE48F2CE742000C7
:10A5100000902023EF2220210020FEF753FC200092
:10A5200000903723EF2237212620FEF74BFC200036
:10A530000090BE23EF22BE210020FEF743FC200046
:10A540000090FF23EF22FF210020FEF73BFC009448
:10A5500040F23F13262220212620FEF733FC67A27B
:10A5600025213420FEF754FE65A225217620FEF732
:10A570004FFE64A22521B820FEF74AFE62A23C21CC
:10A580000420FEF745FE81A252210420FEF740FE82
:10A590007FA268210420FEF73BFE7EA27E210420DC
:10A5A000FEF736FE7CA294210420FEF731FE7BA24A
:10A5B000AA210420FEF72CFE79A2D7210420FEF761
:10A5C00027FE78A24FF48C710420FEF721FEFFF7DE
:10A5D00089FD02001C219048FFF78FFD13BD38B59F
:10A5E00079480078002800F081808C4A0A211920DF
:10A5F000FEF70EFE48F2CE74200000902023EF22DA
:10A6000020210020FEF7DEFB200000903723EF2200
:10A6100037212620FEF7D6FB2000009040F23F13A2
:10A62000262220212620FEF7CDFB7D4A25212D2044
:10A63000FEF7EEFD7B4A25219B20FEF7E9FD5AA29D
:10A640003C210420FEF7E4FD774A3C212A20FEF756
:10A65000DFFD764A52212A20FEF7DAFD744A68218E
:10A660002A20FEF7D5FD734A7E212A20FEF7D0FD71
:10A67000714A94212A20FEF7CBFD704AAA212A2094
:10A68000FEF7C6FD6E4AC0212A20FEF7C1FD6D4AC5
:10A69000D6212A20FEF7BCFD6B4AEC212A20FEF7CA
:10A6A000B7FD0094FF23EF22FF212620FEF78AFB4F
:10A6B0003EA240F213110420FEF7AAFD40F2091455
:10A6C0003BA221002A20FEF7A3FD40F21F1539A26C
:10A6D00029002A20FEF79CFD37A221008C20FEF7DE
:10A6E00097FD36A229008C20FEF792FDFFF7FAFCB9
:10A6F00002000D215548FFF700FD31BD500000005C
:10A7000049000000440000005370640070B55049D7
:10A710000878002839D000200870A020FBF771FCD1
:10A7200004004C4D2878012815D14B4E3078204339
:10A73000C0B200280FD149480178491C032291FB7F
:10A74000F2F302FB13110170FEF786FA01201E4995
:10A750000870052030702C703F490878002802D01E
:10A760000878401E08703D490878002802D1FFF79C
:10A7700005FD07E00878012802D1FFF7BCFE01E0E3
:10A78000FFF72DFF00201049087070BD416E670073
:10A79000477972004C656700416972004469720034
:10A7A000546172004B616C004E6176004D61670030
:10A7B0004F583A0053583A004F593A0053593A000B
:10A7C00000100028001200289207082884D42810BE
:10A7D000B4D72810C4D72810D4D7281030D92810BF
:10A7E0003CD92810ECDA281048D9281054D9281060
:10A7F00060D928106CD9281078D9281084D928104D
:10A8000090D928109CD92810A8D92810B4D928107C
:10A81000C0D92810A0D4281000C02810BCD42810FB
:10A82000E4D72810F4DA2810FCDA281004DB28100A
:10A830000CDB281014DB28101CDB281024DB28106C
:10A840002CDB281034DB28103CDB2810A4C2281095
:10A850006722082893070828692208286822082800
:10A8600000000000000000000000000000000000E8
:10A87000000000F80000000000000033300000007D
:10A8800000100C06100C0600000000000000000084
:10A8900040C07840C0784000043F04043F040400F6
:10A8A000007088FC08300000001820FF211E000006
:10A8B000F008F000E018000000211C031E211E001B
:10A8C00000F00888700000001E21232419272110A1
:10A8D00010160E0000000000000000000000000044
:10A8E000000000E0180402000000000718204000EB
:10A8F00000020418E00000000040201807000000DB
:10A90000404080F0804040000202010F010202003E
:10A91000000000F0000000000101011F0101010022
:10A92000000000000000000080B070000000000087
:10A930000000000000000000000101010101010110
:10A9400000000000000000000030300000000000A7
:10A95000000000008060180400601806010000007C
:10A9600000E010080810E000000F102020100F0079
:10A97000001010F8000000000020203F2020000000
:10A980000070080808887000003028242221300058
:10A9900000300888884830000018202020110E0060
:10A9A0000000C02010F8000000070424243F240009
:10A9B00000F80888880808000019212020110E00DE
:10A9C00000E0108888180000000F112020110E00F0
:10A9D00000380808C83808000000003F00000000E8
:10A9E0000070880808887000001C222121221C00A9
:10A9F00000E010080810E0000000312222110F00D2
:10AA0000000000C0C0000000000000303000000066
:10AA100000000080000000000000806000000000D6
:10AA200000008040201008000001020408102000EF
:10AA3000404040404040400004040404040404003A
:10AA400000081020408000000020100804020100CF
:10AA5000007048080808F0000000003036010000CF
:10AA6000C030C828E810E0000718272423140B0082
:10AA70000000C038E0000000203C230202273820FC
:10AA800008F8888888700000203F202020110E00E0
:10AA9000C0300808080838000718202020100800D7
:10AAA00008F808080810E000203F202020100F00C0
:10AAB00008F88888E8081000203F2020232018008C
:10AAC00008F88888E8081000203F200003000000F4
:10AAD000C03008080838000007182020221E020095
:10AAE00008F808000008F808203F210101213F2054
:10AAF000000808F8080800000020203F202000007F
:10AB000000000808F8080800C08080807F0000006E
:10AB100008F888C028180800203F200126382000A7
:10AB200008F8080000000000203F2020202030000E
:10AB300008F8F800F8F80800203F003F003F200028
:10AB400008F830C00008F808203F200007183F0030
:10AB5000E01008080810E0000F10202020100F005F
:10AB600008F808080808F000203F21010101000052
:10AB7000E01008080810E0000F18242438504F0097
:10AB800008F8888888887000203F2000030C302057
:10AB900000708808080838000038202121221C0095
:10ABA000180808F8080818000000203F20000000DE
:10ABB00008F808000008F808001F202020201F00C7
:10ABC0000878880000C83808000007380E01000027
:10ABD000F80800F80008F800033C0700073C0300F1
:10ABE000081868808068180820302C03032C302057
:10ABF0000838C800C83808000000203F20000000C6
:10AC000010080808C838080020382621202018001D
:10AC1000000000FE020202000000007F40404000F1
:10AC2000000C30C000000000000000010638C00029
:10AC300000020202FE000000004040407F000000D1
:10AC400000000402020204000000000000000000F6
:10AC500000000000000000008080808080808080F4
:10AC600000020204000000000000000000000000DC
:10AC700000008080808000000019242222223F20D2
:10AC800008F8008080000000003F112020110E0015
:10AC90000000008080800000000E112020201100A4
:10ACA000000000808088F800000E112020103F2056
:10ACB0000000808080800000001F222222221300DA
:10ACC000008080F0888888180020203F2020000025
:10ACD0000000808080808000006B949494936000DA
:10ACE00008F8008080800000203F210000203F20E5
:10ACF00000809898000000000020203F20200000E5
:10AD0000000000809898000000C08080807F0000D4
:10AD100008F8000080808000203F24022D302000B1
:10AD2000000808F8000000000020203F202000005C
:10AD30008080808080808000203F20003F20003F76
:10AD40008080008080800000203F210000203F2084
:10AD50000000808080800000001F202020201F0035
:10AD6000808000808000000080FFA12020110E0064
:10AD70000000008080808000000E112020A0FF8055
:10AD8000808080008080800020203F212000010002
:10AD90000000808080808000003324242424190057
:10ADA000008080E0808000000000001F2020000064
:10ADB0008080000000808000001F202020103F20A5
:10ADC000808080000080808000010E300806010035
:10ADD00080800080008080800F300C030C300F00DA
:10ADE00000808000808080000020312E0E31200005
:10ADF000808080000080808080818E701806010035
:10AE000000808080808080000021302C2221300052
:10AE100000000000807C020200000000003F404073
:10AE200000000000FF00000000000000FF00000024
:10AE30000002027C800000000040403F0000000053
:10AE400000060101020204040000000000000000EE
:10AE5000022801D3012010E00B00DBB2042B01DB40
:10AE600001200AE0DFF86C3303EB8000C9B2405CDC
:10AE7000824201D3012000E000207047F8B50600AF
:10AE80000F0015001C00022E01D301201DE02A0036
:10AE90003900C9B23000FFF7DBFF012801D10120E2
:10AEA00013E03800C0B2002812D1B4F5807F0DD273
:10AEB000DFF824037603304400EB850010F5805062
:10AEC000016864F30F2101600020F2BD0120FCE75E
:10AED000FFB2012F11D1B4F5803F0CD2DFF8F80298
:10AEE0007603304400EB850010F5A050016864F350
:10AEF00017210160E8E70120E7E70120E5E700B25C
:10AF00000012C0B27047F8B505000E001700280007
:10AF100000B2FFF7F4FF04002000C0B2022801D302
:10AF2000012023E03A003100C9B22000C0B2FFF78F
:10AF30008FFF012801D1012018E0A7492000C0B2ED
:10AF4000400308442A00D2B200EB8200D0F8000C83
:10AF5000F6B266F3092067F30700E4B26403214404
:10AF6000EDB201EB8501C1F8000C0020F2BD70B517
:10AF700004000D001600022C01D301201CE0320059
:10AF80002900C9B22000FFF763FF012801D1012089
:10AF900012E091496003085850F0004050F04070B2
:10AFA00050F47F00EDB265F3092066F307006203F9
:10AFB000885064030859002070BD80B50100C9B2F3
:10AFC000032906DA8549C0B2C0010844FCF737FE00
:10AFD00007E08349C0B2C0010844B0F5C070FCF777
:10AFE0002EFE01BD70B596B004000D005021002268
:10AFF00002AE3000F7F72EFD00262000C0B2032875
:10B000006ADA002201212000C0B200F2711000B201
:10B01000FFF779FF2000C0B200F2711000B2FFF715
:10B020006EFF092300220121C0B2FFF727FF200095
:10B03000C0B200F2711000B2FFF761FF00220121DF
:10B04000C0B2FFF794FF2000C0B210F5D570ADF884
:10B0500000000220ADF8020001208DF80400032258
:10B0600060482100C9B250F821106846FAF7F4FA96
:10B07000ED00029500208DF80C0000208DF80D00E9
:10B0800000208DF80E0000208DF8100003208DF8B0
:10B090004C000120149000208DF8540000208DF801
:10B0A00055004E4D02A92000C0B2C0012844FCF753
:10B0B000F7FC2000C0B2C0012844FCF7B1FD20001D
:10B0C000C0B2C0012844FCF7C2FDE4B2E40105EBC4
:10B0D0000400FCF7AEFD7AE0002201212000C0B29E
:10B0E00010F5B17000B2FFF70EFF2000C0B210F5EE
:10B0F000B17000B2FFF703FF092300220121C0B2A3
:10B10000FFF7BCFE2000C0B210F5B17000B2FFF72F
:10B11000F6FE00220121C0B2FFF729FF2000C0B2D5
:10B1200000F29B10ADF800000220ADF802000120F3
:10B130008DF8040003222B482100C9B250F82110D9
:10B140006846FAF789FAED00002005E0B5F5803F82
:10B1500001D3761C6D08401C0828F7DB02958DF89A
:10B160000C6000208DF80D0000208DF80E000020EE
:10B170008DF8100003208DF84C0001201490002061
:10B180008DF8540000208DF85500154D02A92000BF
:10B19000C0B2C0012844B0F5C070FCF781FC2000AB
:10B1A000C0B2C0012844B0F5C070FCF739FD2000E2
:10B1B000C0B2C0012844B0F5C070FCF748FDE4B24D
:10B1C000E40105EB0400B0F5C070FCF732FD16B0E9
:10B1D00070BD000024DA281000000440000059402F
:10B1E0000080584014070828D0F8C80F7047C0F8EE
:10B1F000C01FD0F8C00F7047D0F8880F7047C0F854
:10B20000801FD0F8800F704780B500208DF80000B7
:10B2100069460020F9F7B8FF002804D001226946EA
:10B220007C48F8F744F801BD80B50020FFF7C5FE63
:10B2300001BD80B50120FFF7C0FE01BD80B5022031
:10B24000FFF7BBFE01BD80B50320FFF7B6FE01BDD1
:10B2500080B50420FFF7B1FE01BD80B50520FFF7E2
:10B26000ACFE01BD80B50620FFF7A7FE01BD80B58D
:10B270000720FFF7A2FE01BD80B50820FFF79DFE65
:10B28000F4F7FEFE01BD80B50920FFF796FE012010
:10B290006149087001BD80B50A20FFF78EFE0120CC
:10B2A0005E49087001BD80B50B20FFF786FE01BD29
:10B2B00080B50C20FFF781FE01BD80B50D20FFF7A2
:10B2C0007CFE01BD80B50E20FFF777FE00F0ACF8E4
:10B2D00001BD80B50020F9F704FFFFF785FF4007A7
:10B2E00008D50020F9F7FDFE0421FFF780FFFFF7E6
:10B2F0008BFF0DE00020F9F7F4FEFFF77DFF8005DE
:10B3000006D50020F9F7EDFE4FF40071FFF777FF47
:10B3100001BD80B50120F9F7E4FEFFF765FF4007A6
:10B3200009D50120F9F7DDFE0421FFF760FF3C4855
:10B33000006880470DE00120F9F7D3FEFFF75CFFBE
:10B34000800506D50120F9F7CCFE4FF40071FFF718
:10B3500056FF01BD80B50220F9F7C3FEFFF744FF99
:10B36000400708D50220F9F7BCFE0421FFF73FFF94
:10B3700000F098F80DE00220F9F7B3FEFFF73CFF6C
:10B38000800506D50220F9F7ACFE4FF40071FFF7F7
:10B3900036FF01BD80B50320F9F7A3FEFFF724FFB8
:10B3A000400706D50320F9F79CFE0421FFF71FFF95
:10B3B0000DE00320F9F795FEFFF71EFF800506D587
:10B3C0000320F9F78EFE4FF40071FFF718FF01BD5F
:10B3D00080B50420F9F785FEFFF706FF400709D581
:10B3E0000420F9F77EFE0421FFF701FF0D480068F5
:10B3F00080470DE00420F9F774FEFFF7FDFE80059D
:10B4000006D50420F9F76DFE4FF40071FFF7F7FE43
:10B4100001BD0000F02008286B22082867220828B8
:10B420000007082804070828F8B5194800780028FC
:10B430002DD00020174C08202060174D04202860D4
:10B440000820286004202060082020600420286054
:10B45000002615E008202860104F072000F0ACF807
:10B460003100C9B227F81100042000F0A5F831001E
:10B47000C9B207EB4101A1F8000108202060761C49
:10B480003000C0B28028E5DB012005490870F1BD1D
:10B490007622082808033140040331409C1708280D
:10B4A000772208281FB50020019040480078002826
:10B4B00068D004E0012269463D48F7F7F8FE694686
:10B4C0000220F9F761FE0028F4D19DF800000A2857
:10B4D00058D106200190364C012301AA02A9200070
:10B4E000F7F7B5FF032228A10DF10B0000F09EF83D
:10B4F000002810D12748017802293DD00121017090
:10B500002000F7F7C3FE0190002301AA2249200082
:10B51000F7F79DFF30E003221CA10DF10B0000F0B6
:10B5200085F8002810D11D480178022924D0012176
:10B5300001702000F7F7AAFE0190002301AA184924
:10B540002000F7F784FF17E0032211A10DF10B0093
:10B5500000F06CF800280FD11248017802290BD0B6
:10B56000012101702000F7F791FE0190002301AA4C
:10B570000D492000F7F76BFF2000F7F74DFE012083
:10B580000C4908701FBD0000524D43004747410061
:10B590005448530072220828C81E0828712208281F
:10B5A000481E082873220828481F082870220828E7
:10B5B000502108286F22082830B40100C9B2490977
:10B5C0000200D2B2202392FBF3F403FB1422154BAA
:10B5D000C0B21B5C5B00D3F10403134C0800C0B283
:10B5E00054F820001500EDB2AD01284400F63C00EF
:10B5F000056855F0010505600800C0B254F8200048
:10B60000D0F80002C00F0028F6D1C9B254F82100CA
:10B61000D2B292011044D0F8240880B2184180B20E
:10B6200030BC704738200828080708288AB10B78F2
:10B6300090F800C09C4506D110F8013B4BB1491C65
:10B64000521EF4D105E002D24FF0FF3070470120C6
:10B65000704700207047000000000000000000005C
:10B66000002F000000000700070000147F147F1463
:10B6700000242A7F2A1200626408132300364955E9
:10B68000225000000503000000001C2241000000C1
:10B6900041221C000014083E08140008083E080857
:10B6A000000000A0600000080808080800006060B2
:10B6B0000000402010080402003E5149453E0000B1
:10B6C000427F4000004261514946002141454B31D3
:10B6D000001814127F10002745454539003C4A499F
:10B6E0004930000171090503003649494936000611
:10B6F0004949291E00003636000000005636000079
:10B7000000081422410000141414141400004122F3
:10B71000140800020151090600324959513E007CCB
:10B720001211127C007F49494936003E41414122B5
:10B73000007F4141221C007F49494941007F09099E
:10B740000901003E4149497A007F0808087F00004E
:10B75000417F4100002040413F01007F0814224109
:10B76000007F40404040007F020C027F007F0408C1
:10B77000107F003E4141413E007F09090906003E1D
:10B780004151215E007F0919294600464949493146
:10B790000001017F0101003F4040403F001F204069
:10B7A000201F003F4038403F006314081463000727
:10B7B0000870080700615149454300007F4141007E
:10B7C000020408102040000041417F0000040201F3
:10B7D00002040040404040400000010204000020FC
:10B7E00054545478007F484444380038444444203A
:10B7F00000384444487F00385454541800087E09E7
:10B8000001020018A4A4A47C007F080404780000AE
:10B81000447D4000004080847D00007F102844006B
:10B820000000417F4000007C04180478007C08047C
:10B83000047800384444443800FC242424180018B8
:10B84000242418FC007C08040408004854545420A4
:10B8500000043F444020003C4040207C001C20402D
:10B86000201C003C4030403C004428102844001C70
:10B87000A0A0A07C004464544C4414141414141468
:10B8800038B500F077F900F042F800F0C9F87149D6
:10B890000868800312D4BFF34F8FBFF36F8F00206F
:10B8A0006D4A1060BFF34F8FBFF36F8F086850F47D
:10B8B00000300860BFF34F8FBFF36F8F0868C0037D
:10B8C00024D40020654A1060BFF34F8F644802689B
:10B8D000C2F34E33C2F3C90443F6E07010EA4310DA
:10B8E00050EA84705F4D28602000441E0028F3D188
:10B8F0001800431E0028EDD1BFF34F8F086850F4A5
:10B9000080300860BFF34F8FBFF36F8F31BD70B5CC
:10B9100086B0684654491822F7F714FC00200AE064
:10B9200069460200D2B201EBC2014968491C11F01C
:10B93000070F0DD1401C0100C9B2032909D2694685
:10B940000200D2B211F8321011F0070FE8D0FEE772
:10B95000FEE7464C207810F0070F00D0FEE7444D7C
:10B960002868401C10F0070F00D0FEE7002622E0F8
:10B9700068463100C9B200EBC10041683000C0B276
:10B9800052F8300000F043F814E000200028EFD017
:10B990002168491E3000C0B252F8300000F037F87C
:10B9A00068463100C9B200EBC10041682868401CFC
:10B9B00000F02DF8761C3000C0B2032825D26A466C
:10B9C0003000C0B252F83000002813D02068310097
:10B9D000C9B252F8311088420AD368463100C9B260
:10B9E00000EBC10040682168884201D30120CDE707
:10B9F0000020CBE768463100C9B200EBC1004068C7
:10BA000021688842C1D30120C0E706B070BD002282
:10BA1000002302E0C0E9002308308842FAD37047CF
:10BA200030B4144880081449144A002308E01C006C
:10BA3000E4B252F824401D00EDB241F825405B1CF1
:10BA40001C000500E4B2EDB2AC42F0D30C4801603A
:10BA500030BC704714ED00E050EF00E084ED00E0F2
:10BA600080ED00E060EF00E09CD52810F8C12810C0
:10BA7000FCC1281080000000802208280000281047
:10BA800008ED00E010B5002042490860BFF34F8F79
:10BA900041480168C1F34E32C1F3C90343F6E07077
:10BAA00010EA421050EA83703C4C20601800431E9C
:10BAB0000028F3D11000421E0028EDD1BFF34F8FB4
:10BAC000BFF36F8FBFF34F8FBFF36F8F00203449E9
:10BAD0000860BFF34F8FBFF36F8F00F001F810BD08
:10BAE00038B586B068462F491822F7F72BFB684611
:10BAF000FEF72CF8C0B200280DD02B4C18222B4991
:10BB00002000F9F73FFF0020E0754E20284908602B
:10BB10000020F9F76FFF274D2800FEF7B9FAC0B2F1
:10BB200000280DD0204C182220492000F9F72AFFC8
:10BB30000020E07550201E4908600020F9F75AFFE8
:10BB40001D49286808600A681C4882181C48B2FB16
:10BB5000F0F01C4A10601C48096801F2E7314FF40C
:10BB60007A72B1FBF2F101600068C0031749086006
:10BB700007B030BD80B500F02DF815490A6852F4C1
:10BB800070020A60BFF34F8FBFF36F8F00F026F88B
:10BB900001BD000084ED00E080ED00E074EF00E006
:10BBA00050EF00E0B4D52810D8200828F4C428109D
:10BBB0002C22082830220828342208283F420F006F
:10BBC00040420F003C22082838220828402208283A
:10BBD00088ED00E0EFF3108072B6704780F31088B4
:10BBE00070470000FEB504000D0001260821002268
:10BBF00001AF3800F6F72EFF082000900120F7F77C
:10BC0000D6FE0820009001236A4601A9DFF8500003
:10BC1000F7F7EDFC210001A800F0CAF8002812D1C6
:10BC2000DFF8401001A800F0C3F800280DD1DFF8BC
:10BC3000601101A800F0BCF8002806D12800451EBC
:10BC40000028DBD102E0002600E001263000C0B26F
:10BC5000FEBD80B5DFF80800F7F7DEFA01BD000091
:10BC60008021082874DB28102DE9F04188B00400F9
:10BC70000D00002C01D0012000E0002040F2BB327A
:10BC8000DFF81C11C0B2F6F710FD42F21076370053
:10BC900020210022E8464046F6F7DCFEDFF8FC8073
:10BCA00098F89300012852D198F8910000283FD1CC
:10BCB000FFF7CFFF2900684600F090F842F201003C
:10BCC000854205D3DFF8DC100120F9F74FFA04E0D4
:10BCD000DFF8D4100120F9F749FA98F8920001280A
:10BCE00003D12CA10120F9F741FA69460120F9F7A7
:10BCF0003DFA29A10120F9F739FA18A731003800D7
:10BD0000FFF770FF002822D1FFF7A3FF2A002100D0
:10BD10000120F9F71CFA31003800FFF763FF002813
:10BD200015D1002513E021780120F9F7FCF9641CF6
:10BD30002800451E00280AD0B620FAF762F900282C
:10BD400003D03800471E0128F6DA012FEBDAFFF79F
:10BD500080FF280008B0BDE8F08100004F4B0000D4
:10BD600038B504000D00002C01D0012000E00020B7
:10BD70004FF486620A49C0B2F6F797FC009500239B
:10BD80006A4621000948F7F762FB009832BD0000BF
:10BD90007CDB2810302C00000D0A0000B41D0828A0
:10BDA00020C8281024D82810FCD928108021082861
:10BDB00070B50D462C7834B970BD11F8013F167876
:10BDC000B34206D0401C2146FCF774FC28B1014662
:10BDD0002A4612F8013F002BEFD170BD38B584B070
:10BDE00005000C00002D01D0012000E000209F2262
:10BDF000DFF87010C0B2F6F758FC00200021002DCB
:10BE00002DD0002C04D52D2129706D1C644206E034
:10BE1000002C04D13020287021E049420AE0002C97
:10BE200019D00A2194FBF1F201FB12410200501CCF
:10BE30000029F2D46B46D2B299540A2194FBF1F452
:10BE4000EDE769460200D2B2114411F8011C30310D
:10BE500029706D1C401E0100C9B20029F1D105B046
:10BE600030BD000054C72810010009B2002908D4D1
:10BE7000012210F01F018A404F4900B2400941F8E9
:10BE800020207047FEE780B54C4800684C480168A8
:10BE90000800C00F002805D04A488905890D50F8D0
:10BEA000210080470020FFF7DFFF01BD80B5464835
:10BEB0000068464801680800C00F002805D04148C6
:10BEC0008905890D50F8210080470120FFF7CCFF3C
:10BED00001BD80B53E4800683E4801680800C00FBB
:10BEE000002805D037488905890D50F82100804782
:10BEF0000220FFF7B9FF01BD80B537480068374819
:10BF000001680800C00F002805D02E488905890D5A
:10BF100050F8210080470320FFF7A6FF01BD80B540
:10BF20002F4800682F4801680800C00F002805D07E
:10BF300024488905890D50F8210080470420FFF727
:10BF400093FF01BD80B528480068284801680800B3
:10BF5000C00F002805D01B488905890D50F8210025
:10BF600080470520FFF780FF01BD80B520480068AD
:10BF7000204801680800C00F002805D01148890535
:10BF8000890D50F8210080470620FFF76DFF01BDA5
:10BF900080B519480068194801680800C00F0028DA
:10BFA00005D008488905890D50F8210080470720F1
:10BFB000FFF75AFF01BD000080E200E084DB28109B
:10BFC000000520400000082888DB281004052040D8
:10BFD0008CDB28100805204090DB28100C05204041
:10BFE00094DB28101005204098DB28101405204011
:10BFF0009CDB281018052040A0DB28101C052040E1
:10C00000050028003C000000C4DA281006006A0081
:10C010003C000000C4DA28100700AC003C0000001F
:10C02000C4DA28100800280052000000CCDA2810DA
:10C0300009006A0052000000C4DA28100A00AC00AF
:10C0400052000000C4DA28100B002800680000002D
:10C05000CCDA28100C006A0068000000C4DA28104E
:10C060000D00AC0068000000C4DA281011002800A0
:10C070007E000000C4DA281012006A007E00000072
:10C08000C4DA28101300AC007E000000C4DA2810C7
:10C090001600280094000000D4DA281017006A0067
:10C0A00094000000C4DA28101800AC0094000000CE
:10C0B000C4DA281019002800AA000000DCDA2810D1
:10C0C0001A006A00AA000000DCDA28101B00AC008D
:10C0D000AA000000DCDA28100E002A00C3000000CD
:10C0E000B8D828100F008700C3000000C4D828105B
:10C0F00010002A00D7000000D0D8281014008700B4
:10C10000D7000000DCD8281015002A00EB00000042
:10C11000E8D8281000002A0004010000F4D82810F4
:10C12000010087000401000000D9281002002A0045
:10C13000180100000CD92810030087001801000026
:10C1400018D9281004002A002C01000024D9281036
:10C1500072B61D4908684FEA102000F00F000E2843
:10C1600008BF1A490D2808BF1949072808BF1949EF
:10C17000082808BF1849086820F00B000860086804
:10C18000BFF34F8F154816490860BFF34F8F15490D
:10C19000086840F0070008601349086840F007008D
:10C1A0000860BFF34F8FBFF36F8F00200021124A4A
:10C1B000E2E802016A45FBD10C4FB8470C4FB84783
:10C1C0000C4FB847FEE70000000020400C00204064
:10C1D0000C0420400C0820400C0C204000002810CB
:10C1E00008ED00E090EF00E094EF00E081B8281047
:10C1F000FDD2281081D5281000FF0B28FFFF0B2847
:10C200002CDA281034DA28103CDA281044DA281006
:10C210004CDA281054DA28105CDA281064DA281076
:10C220006CDA281074DA28107CDA281084DA2810E6
:10C230008CDA281094DA281014D7281024D7281064
:10C2400088D628109CDA2810A4DA2810ACDA281036
:10C2500034D8281040D828104CD8281058D8281086
:10C2600064D8281070D828107CD8281088D82810B6
:10C27000B4DA2810BCDA281034D7281044D7281094
:10C2800054D7281064D7281074D7281084D72810C2
:10C2900094D8281094D72810A4D72810A0D82810F4
:10C2A000ACD828101C0091003C000000E4DA2810F3
:10C2B0001D00910052000000E4DA28101E009100D9
:10C2C00068000000E4DA28101F0091007E000000E2
:10C2D000E4DA28102000910094000000E4DA28102D
:10C2E00021009100AA000000E4DA28102200910049
:10C2F000C0000000E4DA281023009100D6000000FE
:10C30000E4DA281024009100EC000000E4DA2810A0
:10C3100025004B0009010000D4DA28102600AA00ED
:10C3200009010000D4DA281027004B001F0100008B
:10C33000CCDA28102800AA001F010000CCDA28104F
:10C3400070B505000C00002D01D0012000E0002098
:10C3500063221F49C0B2F6F7A8F9002607E01E22A3
:10C3600029000120F8F7F3FE1E351E3C0026002CA4
:10C370000CD0B620F9F745FE002809D11E2CEED2CC
:10C38000220029000120F8F7E2FE0024200070BD01
:10C39000761C300080B2642803DA0120F7F707FB2F
:10C3A000E5E7F3E738B504000D00002C01D00120CB
:10C3B00000E00020B8220649C0B2F6F776F90095F1
:10C3C00000236A4621000348F7F741F8009832BD80
:10C3D00098C728103821082870B505000C00002DDA
:10C3E00001D0012000E0002062221F49C0B2F6F710
:10C3F0005CF9002607E01E2229000120F8F7A7FEBD
:10C400001E351E3C0026002C0CD0B620F9F7F9FD95
:10C41000002809D11E2CEED2220029000120F8F7B5
:10C4200096FE0024200070BD761C300080B2642887
:10C4300003DA0120F7F7BBFAE5E7F3E738B50400C4
:10C440000D00002C01D0012000E00020B62206499A
:10C45000C0B2F6F72AF9009500236A462100034886
:10C46000F6F7F5FF009832BDC8C6281098210828B5
:10C4700080B5184800F030F8F6F75AF9F9F7CCF81B
:10C48000F5F703FCFDF767FE4CF250310A20FEF78A
:10C49000A9FDF5F73DFC44F620610920FEF7A2FD59
:10C4A00041F288310820FEF79DFDF3F743FEF8F7CF
:10C4B00065FB0020F9F7A8F8FEF728F9F5F7A1FCCD
:10C4C000F5F716FDF5F7CEFCF8F774FB0120F7F74A
:10C4D0006EFAF1E780B2E60E80B505490860FFF715
:10C4E000D1FAF7F793FA0020F9F78EF801BD0000B2
:10C4F00048220828443A5C6C6561726E706C616316
:10C50000655C5A5A5A5F4C554E5455495C6C696289
:10C510007261726965735C73646B5C74766969627D
:10C5200068346D5C7372635C73797374656D5C738E
:10C53000797374656D5F747669696268346D5F6381
:10C540006D372E6300000000443A5C6C6561726ECA
:10C55000706C6163655C5A5A5A5F4C554E5455492C
:10C560005C6C69627261726965735C73646B5C7444
:10C570007669696268346D5C7372635C6472697653
:10C580006572735C737973636C6B5C63795F7379E9
:10C5900073636C6B2E680000443A5C6C6561726E6C
:10C5A000706C6163655C5A5A5A5F4C554E545549DC
:10C5B0005C6C69627261726965735C73646B5C74F4
:10C5C0007669696268346D5C7372635C6472697603
:10C5D0006572735C737973636C6B5C63795F737999
:10C5E00073636C6B2E630000443A5C6C6561726E21
:10C5F000706C6163655C5A5A5A5F4C554E5455498C
:10C600005C6C69627261726965735C73646B5C63B4
:10C610006F6D6D6F6E5C7372635C6D775C666C6181
:10C6200073685C63795F6D775F666C6173682E63B6
:10C6300000000000443A5C6C6561726E706C61636E
:10C64000655C5A5A5A5F4C554E5455495C6C696248
:10C650007261726965735C73646B5C636F6D6D6F3F
:10C660006E5C7372635C647269766572735C697028
:10C67000635C63795F6970635F6472762E68000043
:10C68000443A5C6C6561726E706C6163655C5A5AA9
:10C690005A5F4C554E5455495C6C696272617269BF
:10C6A00065735C7A665F636F6D706F6E656E7473D1
:10C6B0005C7365656B667265655F617373697374DE
:10C6C000616E742E63000000443A5C6C6561726EAA
:10C6D000706C6163655C5A5A5A5F4C554E545549AB
:10C6E0005C6C69627261726965735C7A665F6465CD
:10C6F000766963655C7A665F6465766963655F77B2
:10C700006972656C6573735F756172742E63000086
:10C71000205B46696C7465725D20515F7961773A80
:10C7200020257325642E253034642C20515F7072CF
:10C730003A20257325642E253034642C20515F6205
:10C740006961733A20257325642E253034640D0AFF
:10C7500000000000443A5C6C6561726E706C61634D
:10C76000655C5A5A5A5F4C554E5455495C6C696227
:10C770007261726965735C7A665F636F6D6D6F6E0F
:10C780005C7A665F636F6D6D6F6E5F66756E637406
:10C79000696F6E2E63000000443A5C6C6561726ED6
:10C7A000706C6163655C5A5A5A5F4C554E545549DA
:10C7B0005C6C69627261726965735C7A665F6465FC
:10C7C000766963655C7A665F6465766963655F62F6
:10C7D0006C65366132302E6300000000443A5C6CB8
:10C7E0006561726E706C6163655C5A5A5A5F4C5534
:10C7F0004E5455495C6C69627261726965735C7A0A
:10C80000665F6465766963655C7A665F64657669B0
:10C8100063655F776966695F7370692E6300000006
:10C82000443A5C6C6561726E706C6163655C5A5A07
:10C830005A5F4C554E5455495C6C6962726172691D
:10C8400065735C7A665F6465766963655C7A665F6A
:10C850006465766963655F776966695F756172743F
:10C860002E6300000D0A5B5359535D2056616C69BD
:10C870006420706172616D657465727320666F7596
:10C880006E6420696E20466C61736821204C6F6174
:10C8900064696E6720746F20436F726520412E2E8D
:10C8A0002E0D0A00205B5461726765745D20566529
:10C8B0006C3A20257325642E253034642C20416E7B
:10C8C000673A20257325642E253034642C20537458
:10C8D000616E643A20257325642E253034640D0A78
:10C8E000000000000D0A5B5359535D2057694669EB
:10C8F00020436F6E6E656374696F6E204C6F737446
:10C900002120456E746572696E67204175746F2DC4
:10C910005265636F6E6E656374204D6F64652E2E75
:10C920002E0D0A00443A5C6C6561726E706C616336
:10C93000655C5A5A5A5F4C554E5455495C6C696255
:10C940007261726965735C7A665F636F6D6D6F6E3D
:10C950005C7A665F636F6D6D6F6E5F6669666F2E82
:10C9600063000000443A5C6C6561726E706C6163D8
:10C97000655C5A5A5A5F4C554E5455495C6C696215
:10C980007261726965735C7A665F64657669636516
:10C990005C7A665F6465766963655F69707332307F
:10C9A000302E6300443A5C6C6561726E706C61633A
:10C9B000655C5A5A5A5F4C554E5455495C6C6962D5
:10C9C0007261726965735C7A665F647269766572BA
:10C9D0005C7A665F6472697665725F666C617368C3
:10C9E0002E630000443A5C6C6561726E706C61632A
:10C9F000655C5A5A5A5F4C554E5455495C6C696295
:10CA00007261726965735C7A665F64726976657279
:10CA10005C7A665F6472697665725F7370692E63B3
:10CA200000000000443A5C6C6561726E706C61637A
:10CA3000655C5A5A5A5F4C554E5455495C6C696254
:10CA40007261726965735C7A665F64726976657239
:10CA50005C7A665F6472697665725F756172742E66
:10CA600063000000205B204E6176205D20207176FF
:10CA70003A20257325642E253035642C2071773AB1
:10CA800020257325642E253035642C207162613A8F
:10CA900020257325642E253035640D0A0000000022
:10CAA000205B204E6176205D20207162773A202540
:10CAB0007325642E253035642C2072766E3A20253D
:10CAC0007325642E253035642C207276733A202528
:10CAD0007325642E253035640D0A0000205B204E3E
:10CAE0006176205D202072776E3A20257325642EB2
:10CAF000253035642C207277733A20257325642EF7
:10CB0000253035642C207267793A20257325642EF0
:10CB1000253035640D0A00000D0A5B5359535D2022
:10CB2000466C61736820697320656D707479206F3D
:10CB30007220696E76616C69642E205573696E6728
:10CB40002064656661756C7420706172616D732E0E
:10CB50000D0A0000205370645F503A20257325644D
:10CB60002E25303464207C205370645F493A2025A0
:10CB70007325642E25303464207C205370645F4418
:10CB80003A20257325642E253034640D0A000000F8
:10CB9000204779725F503A20257325642E25303462
:10CBA00064207C204779725F493A20257325642EE2
:10CBB00025303464207C204779725F443A20257305
:10CBC00025642E253034640D0A000000204169726E
:10CBD0005F503A20257325642E25303464207C2054
:10CBE0004169725F493A20257325642E25303464EB
:10CBF000207C204169725F443A20257325642E25EC
:10CC00003034640D0A000000204469725F503A20FD
:10CC1000257325642E25303464207C204469725F9E
:10CC2000493A20257325642E25303464207C204425
:10CC300069725F443A20257325642E253034640DD3
:10CC40000A0000000D0A5B574946495D20526563A2
:10CC50006F6E6E656374204661696C65642E204357
:10CC60006F6F6C646F776E20666F72206E6578747C
:10CC700020617474656D70742E2E2E0D0A000000F4
:10CC8000205B53706565645D2020503A2025732534
:10CC9000642E253034642C20493A20257325642ED7
:10CCA000253034642C20443A20257325642E253009
:10CCB00034640D0A00000000205B416E676C655D06
:10CCC0002020503A20257325642E253034642C20F2
:10CCD000493A20257325642E253034642C20443AAB
:10CCE00020257325642E253034640D0A00000000D1
:10CCF000205B4779726F5D202020503A20257325F4
:10CD0000642E253034642C20493A20257325642E66
:10CD1000253034642C20443A20257325642E253098
:10CD200034640D0A00000000205B204C6567205D24
:10CD300020204B703A20257325642E253034642C36
:10CD4000204B693A20257325642E253034642C202D
:10CD50004B643A20257325642E253034640D0A0077
:10CD6000205B20416972205D2020503A20257325E8
:10CD7000642E253034642C20493A20257325642EF6
:10CD8000253034642C20443A20257325642E253028
:10CD900034640D0A00000000205B20446972205DAD
:10CDA0002020503A20257325642E253034642C2011
:10CDB000493A20257325642E253034642C20443ACA
:10CDC00020257325642E253034640D0A00000000F0
:10CDD0000D0A5B564F46415D205265636569766575
:10CDE0006420504152414D205245515545535420E5
:10CDF00028414120433529212053656E64696E67BF
:10CE00002E2E2E0D0A00000030B4002512E050F83E
:10CE1000042BD30744BF4A44521E091F042942F879
:10CE2000045BFAD213468C0744BF15809B1CC907CC
:10CE300048BF1D7050F8041B0029E8D130BC704772
:10CE40000D0A3D3D3D3D3D3D3D3D3D3D3D3D3D2092
:10CE5000464C415348204C4F414420524553554C79
:10CE600054203D3D3D3D3D3D3D3D3D3D3D3D3D0D28
:10CE70000A0000003D3D3D3D3D3D3D3D3D3D3D3DCC
:10CE80003D3D3D3D3D3D3D3D3D3D3D3D3D3D3D3DD2
:10CE90003D3D3D3D3D3D3D3D3D3D3D3D3D3D3D3DC2
:10CEA0003D0D0A0D0A0000005B4552524F525D20B5
:10CEB0004D6F746F722069732072756E6E696E6744
:10CEC0002120504C454153452053544F502043415D
:10CED00052204649525354210D0A00005B564F46DA
:10CEE000415D20416C6C20256420506172616D654C
:10CEF0007465727320557064617465642053756342
:10CF00006365737366756C6C79210D0A000000000F
:10CF1000205B46696C7465725D20525F7961773A77
:10CF200020257325642E253034642C20525F7072C6
:10CF30003A20257325642E253034640D0A00000044
:10CF40002D2D2D2D2D2D2D2D2D2D2D2D2D2D2D2D11
:10CF50002D2D2D2D2D2D2D2D2D2D2D2D2D2D2D2D01
:10CF60002D2D2D2D2D2D2D2D2D2D2D2D2D0D0A0061
:10CF7000205B204D6167205D20206F66665F783AF8
:10CF800020257325642E253034642C206F66665F5F
:10CF9000793A20257325642E253034640D0A00006B
:10CFA000205B204D6167205D202073636C5F783AC1
:10CFB00020257325642E253034642C2073636C5F28
:10CFC000793A20257325642E253034640D0A00003B
:10CFD00057726974696E67207265616C2070617246
:10CFE000616D732066726F6D20436F726520412002
:10CFF000746F20466C6173682E2E2E0D0A0000009F
:10D000000D0A5B564F46415D205265636569766542
:10D01000642042554C4B20504152414D20555044C4
:10D020004154452028414120433429210D0A000064
:10D030000D0A3D3D3D3D3D3D3D3D3D3D3D3D3D20A0
:10D0400043555252454E5420504152414D53203D7C
:10D050003D3D3D3D3D3D3D3D3D3D3D3D0D0A0000DD
:10D060003D3D3D3D3D3D3D3D3D3D3D3D3D3D3D3DF0
:10D070003D3D3D3D3D3D3D3D3D3D3D3D3D3D3D3DE0
:10D080003D3D3D3D3D3D3D3D3D3D3D3D3D0D0A0070
:10D090000D0A3E3E3E20564F46412B20434F5059ED
:10D0A000202620504153544520434F4D4D414E447E
:10D0B0002028414120433429203C3C3C0D0A0000FB
:10D0C0000D0A5B564F46415D205265636569766582
:10D0D00064205341564520544F20464C415348202C
:10D0E000636F6D6D616E64210D0A00005B574946E8
:10D0F000495D2043757272656E742052414D205017
:10D100006172616D732053796E63656420746F2062
:10D110005043210D0A0000005370644C3A252E3113
:10D120006620416E674C3A252E3166204779724C55
:10D130003A252E3166205475726E3A252E316620BE
:10D1400000000000205B20506F73205D2020583AC3
:10D1500020257325642E253034642C20593A20254F
:10D160007325642E253034640D0A00005B4552524D
:10D170004F525D2042756C6B205570646174652060
:10D18000436865636B73756D204661696C656421E6
:10D190000D0A000020416E675F503A202573256418
:10D1A0002E25303464207C20416E675F443A202570
:10D1B0007325642E25303464200D0A00204D6167EC
:10D1C0005F4F66663A205820257325642E2530343B
:10D1D00064207C205920257325642E25303464205A
:10D1E0000D0A0000204D61675F53636C3A205820A0
:10D1F000257325642E25303464207C205920257326
:10D2000025642E25303464200D0A00000D0A2063A9
:10D210006F6E6E6563742077696669206661696CFC
:10D2200065642E2072657472793A202564200D0A97
:10D23000000000000D0A20436F6E6E6563742025A8
:10D24000732053657276657273206572726F722CEB
:10D250002074727920616761696E2E000D0A2025A5
:10D260007320536F636B65742054696D656F7574BB
:10D270002120536B69702057694669204C6F672ED7
:10D280000D0A00000D0A5B574946495D2041747440
:10D29000656D7074696E67204175746F2D5265639A
:10D2A0006F6E6E6563742E2E2E0D0A000D0A5B578D
:10D2B0004946495D204175746F2D5265636F6E6EEE
:10D2C00065637420537563636573732121210D0AAF
:10D2D00000000000783A252E336620793A252E3357
:10D2E00066207961773A252E326620763A252E33EC
:10D2F0006620773A252E33662000000010B50749D6
:10D3000079441831064C7C44163404E00A68081D40
:10D31000114488470146A142F8D110BD74000000B5
:10D32000900000005B436F726520315D2050617298
:10D33000616D20272573272073657420746F202565
:10D340002E34660D0A0000000D0A20576946692038
:10D35000496E69742054696D656F75742120536B33
:10D36000697020576946692E200D0A004EF68851D3
:10D37000CEF20001086840F470000860BFF34F8FE0
:10D38000BFF36F8F4FF00170E1EE100A704700009D
:10D3900079FAFFFFE01A00009C070828000000004F
:10D3A0001B57FFFFA60800006401000000000828CA
:10D3B0000D0A203E3E3E20456E7465722057415650
:10D3C00045204D6F6465203C3C3C200D0A00000068
:10D3D0000D0A207769666920696E697420262073BA
:10D3E000656E6420737563636573732E0D0A0000A8
:10D3F00004207146084202D0EFF3098001E0EFF308
:10D40000088000B50149884700BD0000F95928107F
:10D4100080B58DF80000012269460120F5F73CF93E
:10D42000012802D19DF8000002BD4FF0FF3002BD7F
:10D43000801C800803D0401C801EFCD100BF7047B8
:10D44000EFF3108072B6704780F3108870470000C9
:10D4500000F00EF8002801D0FFF750FFAFF3008076
:10D460000020AFF30080FFF703F800F003F800009E
:10D470000020704700F000B807463846FBF79CFADA
:10D48000FBE700002D2D2D205265616C74696D65E0
:10D49000204D6F6E69746F72202D2D2D00000000DD
:10D4A0002D2D2D2053797374656D20506172616D3F
:10D4B0006574657273202D2D2D0000002D2D2D20FB
:10D4C0004E61762026204D616720506172616D7338
:10D4D000202D2D2D000000000D0A205B564F4641E7
:10D4E0005D204B494C4C2053574954434821200D53
:10D4F0000A0000000D0A205B564F46415D20535440
:10D500004159205354494C4C21200D0A0000000081
:10D510003E3E3E20454E44204F4620434F4D4D4118
:10D520004E44203C3C3C0D0A0D0A000057686565DE
:10D530006C2D4C656720526F626F74204F6E6C6962
:10D540006E65210D0A0000000D0A66696C652025D4
:10D5500073206C696E652025643A2025732E0D0AB0
:10D560000000000004207146084201D0EFF309805A
:10D57000EFF3088000B50149884700BD09DA28109B
:10D580000548014603B4684680F30988AFF300807C
:10D59000FFF7ECFEFFF75CFFA5EDF5FE00000828A5
:10D5A000FFFF0B2800000020FF3F002000000000CC
:10D5B000FF3F000000127A00000000000024F40089
:10D5C0000080000000800000008000000D0A206D37
:10D5D0006F64756C652076657273696F6E3A25733A
:10D5E000000000000D0A206D6F64756C65206D6190
:10D5F00063202020203A2573000000000D0A206DD2
:10D600006F64756C6520697020202020203A257396
:10D6100000000000593A252E326620503A252E325D
:10D620006620523A252E326620200000537973740A
:10D63000656D2052756E6E696E67204F4B2E2E2ED3
:10D640000D0A00000D0A66696C65202573206C695F
:10D650006E652025642E0D0A0000000038B50446D2
:10D660000D462846FFF7D4FEA84218BF00242046E6
:10D6700032BD00000100020004000800100020007C
:10D6800040008000000100025461726765745F4DC4
:10D690006F746F725F5374616E64000053617665DE
:10D6A00020436F6D706C657465210D0A00000000E9
:10D6B000252E32662C252E32662C252E32660D0A3A
:10D6C000000000004C5F5370643A256420525F53A1
:10D6D00070643A25642020004C5F50574D3A256411
:10D6E00020525F50574D3A2564202000494D414754
:10D6F00045204D4F4445204E4F570D0A0000000075
:10D7000025730D0A25730D0A25730D0A25730D0A5D
:10D71000000000005461726765745F56656C6F634A
:10D72000697479005461726765745F416E676C65F6
:10D73000000000004E61765F515F426961735F4196
:10D74000780000004E61765F515F426961735F57F8
:10D75000000000004E61765F525F565F4E6F726D43
:10D76000616C00004E61765F525F565F536C69706A
:10D77000000000004E61765F525F575F4E6F726D22
:10D78000616C00004E61765F525F575F536C697049
:10D79000000000004D61675F4F66667365745F58F7
:10D7A000000000004D61675F4F66667365745F59E6
:10D7B00000000000526F6C6C203A20252D362E326E
:10D7C0006600000050697463683A20252D362E32B9
:10D7D0006600000059617720203A20252D362E3230
:10D7E00066000000506172616D65746572204E6163
:10D7F0006D6500003235352E3235352E3235352EF9
:10D800003235350066696C653A206D646B2F25737F
:10D8100000000000417373657274206572726F724C
:10D820000000000041542B43495053454E444C3DA9
:10D8300000000000585F43757272656E740000004E
:10D84000595F43757272656E740000004169725FC2
:10D85000526F6C6C5F5000004169725F526F6C6C6C
:10D860005F4900004169725F526F6C6C5F44000059
:10D87000446972656374696F6E5F500044697265D4
:10D880006374696F6E5F4900446972656374696FA0
:10D890006E5F44004E61765F525F4779726F0000A1
:10D8A0004D61675F5363616C655F58004D61675FF1
:10D8B0005363616C655F5900563A252D352E3166EC
:10D8C00000000000413A252D352E31660000000091
:10D8D000533A252D352E326600000000583A252D8A
:10D8E000352E336600000000593A252D352E33665B
:10D8F0000000000051793A252D352E3366000000D6
:10D9000051703A252D352E336600000051623A25BC
:10D910002D352E336600000052793A252D352E33F1
:10D920006600000052703A252D352E336600000047
:10D930004261743A252D352E326656005370644C80
:10D940003A252D356400000050574D4C3A252D35B1
:10D95000640000005370644F3A252D352E31660067
:10D96000523A252D352E316600000000416E674F7A
:10D970003A252D352E3166004779724F3A252D35DF
:10D980002E3166005475726E3A252D362E316600A2
:10D990004C65673A252D362E33660000583A252D02
:10D9A000362E336600000000593A252D362E336698
:10D9B00000000000563A252D362E33660000000088
:10D9C000573A252D362E31660000000031323334AF
:10D9D000353637380000000066696C653A202573DB
:10D9E000000000006C696E653A20256400000000AC
:10D9F00025730D0A25730D0A0000000041542B43C6
:10DA0000495053454E443D00816911F8021CC9B28A
:10DA100001607047000000000000000002000000EC
:10DA2000010000000301000010110010515F796136
:10DA300077000000515F707200000000515F626962
:10DA400061730000525F796177000000525F70726D
:10DA50000000000053706565645F50005370656599
:10DA6000645F490053706565645F4400416E676C94
:10DA7000655F5000416E676C655F4900416E676C81
:10DA8000655F44004779726F5F5000004779726F9D
:10DA90005F4900004779726F5F4400004C65675F23
:10DAA0004B7000004C65675F4B6900004C65675F19
:10DAB0004B6400004E61765F515F56004E61765FA9
:10DAC000515F5700252D362E33660000252D362E4A
:10DAD00032660000252D362E31660000252D362EAB
:10DAE00034660000252D382E35660000523A252D6B
:10DAF0003564000056616C7565000000515F563A50
:10DB000000000000515F573A00000000515F4241A1
:10DB1000783A0000515F42573A00000052565F4E7B
:10DB20006F723A0052565F536C703A0052575F4E14
:10DB30006F723A0052575F536C703A00525F4779E8
:10DB4000726F3A00253032582000000025730D0A0C
:10DB50000000000074657374323037003830383696
:10DB600000000000363636360000000025730D0A2E
:10DB7000000000004552524F520000006275737958
:10DB80000000000000000000000000000000000095
:10DB90000000000000000000000000000000000085
:10DBA0000000000000000000000000000000000075
:10DBB0000000000000000000000000000000000065
:10DBC0000000000000000000000000000000000055
:10DBD0000000000000000000000000000000000045
:10DBE0000000000000000000000000000000000035
:10DBF0000000000000000000000000000000000025
:10DC0000000000000800704700207047FFF7FEBFCB
:10DC1000FFF7EEBBFFF7ECBBFFF7EABBFFF7FEBF7A
:10DC2000FFF7FEBFFFF7FEBFFFF7FEBFFFF7FEBF28
:10DC3000FFF7FEBFFFF7FEBFFFF7FEBFFFF7FEBF18
:10DC4000FFF7FEBFFFF7FEBF7047F002FF85BE285B
:10DC50001004F1FF04F1FF04F1FF04F1FF04F1FFF0
:10DC600004F1770410070000082805DC28100904D7
:10DC70002002010101000112490C210410040000DE
:10DC80009040001004100620904029B22810330460
:10DC9000123D04124704125104125B04126504126F
:10DCA0006F0412790412870412970412A70412B1A8
:10DCB0000412BB0412C50410050000674000006890
:10DCC0000412690410016640D314100313B3281022
:10DCD000550412950412D10410010000601C126555
:10DCE00004126404126304300A6240F00040010030
:10DCF000F8FFFF7801010002B4586307000000003C
:10DD00000000000000000000000000000000000013
:10DD10000000000000000000000000000000000003
:10DD200000000000000000000000000000000000F3
:10DD300000000000000000000000000000000000E3
:10DD400000000000000000000000000000000000D3
:10DD500000000000000000000000000000000000C3
:10DD600000000000000000000000000000000000B3
:10DD700000000000000000000000000000000000A3
:10DD80000000000000000000000000000000000093
:10DD90000000000000000000000000000000000083
:10DDA0000000000000000000000000000000000073
:07DDB000000000000000006C
:040000051028D58169
:00000001FF
