:020000041008E2
:100000000000082809A9081055B00810D5AC081040
:1000100059B008105DB0081061B008100000000071
:10002000000000000000000000000000ADAD08105E
:1000300065B008100000000069B008106DB008102D
:1000400047A508106DA5081093A50810B9A50810BC
:10005000DFA5081005A608102BA6081051A6081049
:1000600071B0081075B0081079B008107DB0081094
:1000700081B0081085B0081089B008108DB0081044
:1000800040F0200070472DE9F14FB0B09246049146
:100090000DF142013A9A2B9199464A7000200AE0EC
:1000A0001AF8011B0498309A90470028049000F039
:1000B00034860D98401C0D909AF8000050B1252808
:1000C000EED1002100220791089209910A920B912A
:1000D0000C9204E00D9800F022BE41F001011AF8E4
:1000E000010F2028F9D023280CD02B2804D02D284C
:1000F00005D0302809D00BE041F00201EFE741F0D4
:100100000401ECE741F00801E9E741F01001E6E7FE
:100110002A280FD1D9F8002052F8040BC9F8002082
:1001200000280F9003D540420F9041F004010AF1DE
:10013000010A14E00F92DFF8EC3B0AE00F989842B6
:1001400005DA00EB800402EB4402303A0F920AF128
:10015000010A9AF80020A2F130000A28EED39AF89A
:1001600000002E2803D04FF0FF320E9229E01AF83B
:10017000010F2A2809D1D9F8000050F8042BC9F83A
:1001800000000E920AF1010A1BE02D280CBF0AF1B3
:10019000010A002000220E92DFF8884B0BE040B9E4
:1001A0000E9AA24205DA02EB820503EB4503303BCF
:1001B0000E930AF1010A9AF80030A3F130020A2ADC
:1001C000EDD3ADF840100FF660309AF8001000F053
:1001D000EDFE08B11AF8010B8DF842009DF84200BF
:1001E000682805D19AF8000068280CD1622106E041
:1001F0006C2804BF9AF800006C2804D171218DF896
:1002000042100AF1010A12A806901AF801BBBBF1CC
:1002100025012CD01C3900F09481091F022940F2DD
:100220009081133900F0AB84093900F08A81891E6E
:1002300000F04085491E00F0ED84491E022940F27D
:100240008081091F00F0E684491F00F0EF80491EFD
:1002500000F09584491E00F0D780C91E0CD0891E7D
:1002600000F08D84C91E00F08A8400F02EBD0123A9
:100270000793252100F026BDD9F8000050F8044B63
:10028000C9F80000002C059440F0AB802B99487809
:10029000002800F0A1804FF0FF340FF6942000F00A
:1002A00095FE241A40F0398500F01BBD01236A46F3
:1002B00002A9304600F000FE002840F02E85641EA2
:1002C000F4D13096079C12AF74B1309E17F8011B21
:1002D0000498B0470028049000F01F850D98401C3A
:1002E000641E0D90F2D130960A9C3021002C8DF8BE
:1002F00000100CDD309E01236A4602A9304600F052
:10030000DBFD002840F00985641EF4D13096059F7E
:10031000089C74B1309E17F8011B0498B047002860
:10032000049000F0FA840D98401C641E0D90F2D1E8
:1003300030960B9C3021002C8DF800100CDD309E87
:1003400001236A4602A9304600F0B6FD002840F0BD
:10035000E484641EF4D1309605980899099C4718E6
:1003600074B1309E17F8011B0498B0470028049020
:1003700000F0D3840D98401C641E0D90F2D130968D
:100380000C9C3021002C8DF800100CDD309E0123D8
:100390006A4602A9304600F08FFD002840F0BD8477
:1003A000641EF4D130969DF8400041077FF584AE7D
:1003B0002020002D8DF800007FF77EAE309C0123B9
:1003C0006A4602A9204600F077FD002840F0A58487
:1003D0006D1EF4D130946FE60FF63C30059000F0BE
:1003E00080BC0E9D002D04D5204600F00FFE044673
:1003F00007E02A46204600F025FE002814BF041B13
:100400002C46089400F06DBCD9F8001051F8040B8C
:10041000C9F8001020F00004002121F0FF35CDE9DB
:10042000024512AB0593782100F040BC2B99487827
:1004300020B14FF0FF340FF6B02030E79DF84200B6
:10044000622860D0682817D06A283FD06C2806D070
:10045000712847D074282CD07A281DD062E0D9F8B2
:10046000001051F8040BC9F80010002866D14FF0B5
:10047000FF340FF68C2012E7D9F8001051F8040B66
:10048000C9F8001020B94FF0FF340FF6742006E7CA
:100490000D99018000F025BCD9F8001051F8040B2B
:1004A000C9F80010002849D14FF0FF340FF6502052
:1004B000F5E6D9F8001051F8040BC9F8001000282F
:1004C0003CD14FF0FF340FF63820E8E6D9F80010A1
:1004D00051F8040BC9F8001080B94FF0FF340FF643
:1004E0002020DCE6D9F8001051F8040BC9F8001000
:1004F00020B94FF0FF340FF60820D0E60D9AD3173D
:10050000C0E90023EDE3D9F8001051F8040BC9F855
:10051000001020B94FF0FF340FF6E410BFE60D993C
:100520000170DEE3D9F8001051F8040BC9F800108F
:1005300020B94FF0FF340FF6C810B0E60D990160F6
:10054000CFE39DF842004C2807BFD9F80010CA1D20
:10055000D9F80000C21D22F00702C9F80020D2E934
:1005600000010832C9F80020CDE90201C80F02D00D
:1005700007982D210AE0BDF84000810702D50798B1
:100580002B2103E0C00705D50798202112AA11549A
:10059000401C079012A807994BF0200300EB010CB8
:1005A000DDE90201CDE92C01612BCDF814C021ACAD
:1005B0000BD00E98002848BF062105D404BF4BF08D
:1005C0002000672801D101210E91DDE902014F00D1
:1005D00047EAD0777E15FF174FF0FF32974208BFEA
:1005E000964210D1090341EA10510003002908BFC7
:1005F000002808D0ABF1610503211A2D089118D30A
:100600000FF61C1110E0DDE902014A00521512F14B
:10061000010F11D108030FD1ABF1610503211A2D90
:1006200008911FD30FF600110322604600F036FD3B
:1006300057E30FF6E801F7E7DDE902016A4600F04B
:1006400081FDCDE902014BF02000612811D1059810
:1006500030210170821C0592BBF1610F0CBF782123
:10066000582102E00FF6BC01DEE741700798801CBC
:100670000790DDE9020120F0000231F0004308BFDD
:10068000002A02D10026002542E14BF02008B8F1F3
:10069000610F40F092800E98002847BF2121019100
:1006A000401C0190019FDDE92C017F1C00220023EA
:1006B000DDE9024500F07EFD38BF85F00045009978
:1006C0008DF88420091F002F00910DF1850632DD81
:1006D000204629460022002300F086FD2BD21C2252
:1006E00000F09CFD04460D4600F01AFEFF1F002F8F
:1006F000804609DD00F01BFE02460B4620462946D7
:1007000000F01CFE04460D46F01D0721B8F1000F55
:100710000CDD491E5EBF08F00F0200F8012D4FEA04
:100720002818F3D502E0002200F8012D491EFAD561
:10073000C61D002FCCDC0DF18500361A01980DF195
:1007400085048642D8BF304600282FD4B04206DA4E
:100750000DF185010A5C082AA8BF0F2100DA0021EB
:10076000024621AB134400E0401E13F80159521E0B
:100770008D42F9D00F2904D10DF185018B5C5B1CF2
:100780008B54002A04D50099091D21AC401C00910E
:10079000411E0BD4621813783033DDB23A2DA4BF5A
:1007A0005B443A3B491E02F80139F4D50E99002901
:1007B00040F1AC80421E0E92A8E00099DFF8E826D6
:1007C00047F29750414391FBF2F20092DDE92C454C
:1007D000C2F10702002A25F0004504DD2046294623
:1007E00000F03EFB0BE052420020DFF8C01600F0A4
:1007F00037FB02460B462046294600F0A8FD04467A
:100800000D46B8F1660F06BF009F0A3706270E98FF
:100810003F18142FC8BF142730208DF884000DF125
:100820008506002F34DD2046294600F099FD01465B
:100830000A4606F1080304200A26B2FBF6F606EB88
:10084000860EA2EB4E02303203F8012C0A22B6FBD0
:10085000F2F202EB820EA6EB4E063036401E03F893
:10086000026DE9D1083F002F03F10806D9DD0846E3
:1008700000F07DFD02460B462046294600F05EFD55
:100880000022DFF82C3600F079FD04460D46CAE759
:100890000DF18500361A0DF1850404E00098401E24
:1008A000761E0090641C20783028F7D0B8F1660FCF
:1008B00002D10098401C04E0B8F1650F0CBF012084
:1008C00000200E9940188642B8BF701E00281DD423
:1008D000B04204DA215C3429C8BF392100DC302160
:1008E0000246631E9D1800E0401E15F80169521E65
:1008F0008E42F9D0392902D1A15C491CA154002AA9
:1009000004D50099491C1C46401C00910646009DD8
:100910000E9F30B2002802DC01260FF210644BF06B
:100920002000662808BF6D1C15D067280FFA85F8CF
:1009300041D118F1040F44DBB84542DA9DF840007C
:100940006D1C010703D430B2B842D8BF074628B2A5
:100950003F1A48BF00270FFA85F8B8F1000F00F3DF
:10096000AF800898411C0891302205990A54002F45
:1009700003DC9DF84000010705D50898411C08914B
:100980002E2205990A5417EB080FB8BF7D422DB2ED
:100990006842ED1932B20B909542B8BF2E46059BC6
:1009A000089836B2099632462146184400F076FB84
:1009B000AD1B0C95CCE0BBF1610F15D14FF0700B66
:1009C00017E030B2B84204DA9DF840100A0758BF69
:1009D00007467F1E48BF0027BBF1670F14BF4FF0CB
:1009E000450B4FF0650B04E0BBF1410F08BF4FF022
:1009F000500B0898411C0891002F059914F8012B01
:100A00000A5403DC9DF84000010719D50898411CE1
:100A100008912E2205990A54002F11DD761E30B25E
:100A20008742B8BF3E460598089B32B2214618441B
:100A300000F034FB089836B23018BF1B08900B97B3
:100A4000059808990844B8F1000F80F800B003D465
:100A50002B224270821C04E02D2145464170821CED
:100A60006D4200212CAB28460AE004460A2094FB84
:100A7000F0F000EB8005A4EB450403F8014B491CA2
:100A800000B20028F1DC012906DC4BF020006528CB
:100A900004BF302002F8010B00292CAB08D1302014
:100AA00002F8010B06E0491E585C303002F8010BD9
:100AB0000029F8DC059908980844121A099247E0C1
:100AC00030B229B288421BDA0598089B32B221461F
:100AD000184400F0E3FA089936B271180891A8EBAF
:100AE0000600002F0B9003DC9DF84000020705D59F
:100AF000059A2E2050540999491C09910C9727E01A
:100B00000598089B2AB22146184400F0C7FA0898B5
:100B1000761B4044002F089003DC9DF840100A0724
:100B200004D5411C08912E2205990A5430B28742FF
:100B3000B8BF3E460598089B32B204EB0801184442
:100B400000F0ACFA089836B23018BE1B08900B962D
:100B50009DF8400000F01400102840F0C280079A71
:100B600008980B99821809988A1882180C980F997E
:100B70008018884280F2B580081A0A90B1E09DF88A
:100B80004200622808D068280ED06A2814D06C2849
:100B90001FD0712810D01CE0D9F8001051F8040BB8
:100BA000C9F80010C0B21AE0D9F8001051F8040BCF
:100BB000C9F8001080B212E0D9F80000C21D22F07E
:100BC0000702C9F80020D2E900010832C9F8002064
:100BD00006E0D9F8001051F8040BC9F80010002104
:100BE000CDE902019DF8400001075AD5DDE9022355
:100BF000002B08BF002A54D04BF02000782850D199
:100C0000079812A930220A54401C431C079301F88C
:100C100000B046E09DF84200622808D068280ED057
:100C20006A2814D06C281FD0712810D01CE0D9F885
:100C3000001051F8040BC9F8001040B21AE0D9F8BE
:100C4000001051F8040BC9F8001000B212E0D9F8F6
:100C50000000C21D22F00702C9F80020D2E90001FD
:100C60000832C9F8002006E0D9F8001051F8040B4A
:100C7000C9F80010C117CDE90201002902D5079873
:100C80002D210AE0BDF84000810702D507982B21ED
:100C900003E0C00705D50798202112AA1154401C73
:100CA000079012A8079901440591594602A800F03F
:100CB0004DF816E001200790D9F8000050F8041B09
:100CC000C9F800008DF848100BE001212522BBF186
:100CD000000F07918DF8482003D0022207928DF86B
:100CE00049B00F9D07990A986D1A08992D1A0B980B
:100CF0006D1A09992D1A0C986D1A9DF840102D1A2D
:100D000048073FF5DFAA2021002D8DF800107FF75E
:100D1000D9AA309E2C46FFF7C9BA4FF0FF3031B048
:100D2000BDE8F08FCBCCCC0C686A6C747A4C0000B8
:100D30007072696E74665F733A2062616420257315
:100D400020617267756D656E740000002DE9FC47C7
:100D500007468A463C6950466F2808BF082505D0DB
:100D6000FFF78EF9782814BF0A251025D7E900016E
:100D70003C2680468946BAF1640F18BFBAF1690F64
:100D800005D1002903D5D8F1000869EB4909B9F16B
:100D9000000F08BFB8F1000F0CD1386B50B9082D07
:100DA0003AD197F83800010736D530223B2684F82F
:100DB0003B2031E08DF800A0404649462A46EB171B
:100DC00000F0E6FA3032D0B2761E3A2801960EDAFA
:100DD000A255404649462A46EB1700F0D9FA80460C
:100DE0005FEA010908BFB8F1000F05D108E09DF8DE
:100DF00000001218513AEBE7F868A1198842DBD3DA
:100E0000082D09D197F83800010705D5A05D3028D5
:100E100002D0761E3020A055C6F13C03BB61A1195B
:100E2000F960386B834208DAC31A3B624FF6EF7001
:100E3000398F01403987BDE8F38700280ED597F830
:100E4000380000F01400102808D17A6B7969386AEC
:100E5000521A121AD21A002AC8BF3A62BDE8F387A2
:100E60002DE9D04306460F4614464FF00008DFF840
:100E7000449012E0E00707D542464B4630463946DB
:100E800000F07CFA06460F464046494642464B462D
:100E900000F074FA641080468946002CEAD130468E
:100EA0003946BDE8D0830000A08601000000F03F75
:100EB00084D7974100002440F8B505460E461746F2
:100EC0001C4600205CB117F8011BB068A847B06051
:100ED00030B1F06A401CF0620020641EF3D1F2BD14
:100EE0004FF0FF30F2BD00007072696E74665F7380
:100EF0003A20256E20646973616C6C6F77656400BD
:100F00007072696E74663A2062616420256E206199
:100F10007267756D656E7400000000006E616E0092
:100F20004E414E00696E6600494E46003000F0B4F6
:100F30000246106895681318506803EB5004C00708
:100F400048BF4D44A3422DD013F8016B16F00300A7
:100F500004BF13F8010BC01C31090F2907D113F886
:100F6000011B0F3103E013F8017B05F8017B401EE4
:100F7000F9D10029E6D013F8010BC6F38106032E40
:100F800008BF13F8016B00EB0620404228440026FE
:100F9000B71E8F421EBF10F8017B05F8017B761C3F
:100FA000F6D1CFE7F0BC02F10C007047C9B202786D
:100FB0008A421AB11CBF10F8012FF9E718BF0020B0
:100FC00070470268531C03601170704780B500B908
:100FD00006A005490B681BB122220021984701E0B9
:100FE00000F0EEFA222002BD80100228636F6E73BB
:100FF000747261696E742068616E646C65723A2007
:10100000626164206D6573736167650000F10103BF
:10101000810704D010F8011B820781B1FAD1026860
:10102000A2F10131914311F0803104BF50F8042F37
:10103000F6E709BAB1FA81F100EBD100401CC01A01
:1010400070470000C9B2830706D0521E22D310F8A1
:10105000013B9942F7D11FE0083A13D302F1040291
:1010600041EA012141EA014150F8043B121F21BF2E
:101070004B40A3F1013C2CEA030C1CF0803FF3D061
:10108000C9B2001F083210F8013B521E28BF91EA76
:10109000030FF8D818BF0120401E704762B38B07BA
:1010A00008D0521E11F8013B00F8013B00F02480EB
:1010B0008B07F6D1830740F0208000BF103A07D39A
:1010C00030B4B1E83810103AA0E83810F9D230BC8A
:1010D000530724BFB1E80810A0E8081044BF51F836
:1010E000043B40F8043BD20724BF31F8022B20F820
:1010F000022B44BF0B7803707047121F17D35B009D
:1011000009D151F8043B20F8023B1B0C121F20F8B8
:10111000023BF6D20BE051F8043B00F8013B1B0AFE
:1011200020F8023B1B0C121F00F8013BF3D238BF22
:10113000121D521E24BF11F8013B00F8013BF8D8E4
:101140007047000010B5144600F002F8226010BD90
:10115000C1F30A5343B14A0012F5001F28D2A3F28B
:10116000FE32A1EB0251704750EA410C20D001F051
:10117000004C31EA0C01B1FA81F204BFB0FA80F3FD
:10118000D2180B3AB2F120032CBF00FA03F19140C0
:1011900041EA0C013EBFC2F1200C20FA0CF31943C6
:1011A0009040524240F2FD33D21A01EB0351704796
:1011B0000022704741EA030C50EA4C0C52EA0C0C36
:1011C0004FF4001C09D307D01CEB410F9CBF1CEB54
:1011D000430F8B4208BF824270471CEB430FFBD882
:1011E000994208BF9042704741EA030C50EA4C0C08
:1011F00052EA0C0C4FF4001C09D307D01CEB410F32
:101200009CBF1CEB430F994208BF904270471CEBF8
:10121000410FFBD88B4208BF8242704700B541ECBA
:10122000100B104600F004F851EC100B00BD00BF8D
:10123000020030EE101B40F2FF7C37D41CEA115341
:1012400013D063456BD09B18634504D201EB025168
:1012500020EE101B704701F0004141EA0C510020C4
:1012600041EC100BAFF30080704710EE100B50EA0A
:10127000410054D0B2F57F7F08D202EB5C01090532
:10128000002041EC110B20EE010B70474FF0FE41A6
:10129000002341EC113B20EE010BB2F57E7230EEE3
:1012A000101B4FEA410342EB5353CDE752421CEA75
:1012B000115316D0634532D09A4204D2A1EB0251A9
:1012C00020EE101B70475B1ED21AA1EB035120EEDB
:1012D000101B372A0CD3002001F0004141EC100B09
:1012E000C0E710EE100B50EA410018D0372AF2D2B6
:1012F000C2EB5C021105002041EC110BF1EE100A6B
:1013000020F01F0121F4F851E1EE101A20EE010B3C
:10131000F1EE101AE1EE100A11F0080FA2D1704799
:1013200041EC100BBDEEC00B10EE100A704700EE42
:10133000100AB8EEC00B51EC100B704741EC100BCB
:1013400043EC112B30EE410B51EC100B704741EC8C
:10135000100B43EC112B80EE010B51EC100B70477E
:1013600041EC100BBCEEC00B10EE100A704700EE03
:10137000100AB8EE400B51EC100B704741EC100B0B
:1013800043EC112B20EE010B51EC100B70470000C9
:10139000BBBBE1B1B2F5803F80F07E80022A1ED94E
:1013A0008C46B1FBF2F102FB11C31B0443EA10436C
:1013B000B3FBF2FC02FB1C3380B240EA0343B3FBF5
:1013C000F2F002FB103240EA0C4000237047022A80
:1013D00005D98446B0FBF2F002FB10C270474AB157
:1013E00005D100F0010249085FEA30007047002291
:1013F0000023704700F0E8B80B0002000021002035
:101400007047904271EB030CF6D3B3F5803F2FD2B7
:10141000F0B5B3FA83F7B1FA81F4A7F10F0E3D1BD3
:101420005340CEF1200602FA0EF2F3415340B5F1DB
:101430000F0746D80F3C2C444140C4F12006A04081
:10144000F1414140B1FBF3F603FB1611A2FB064547
:10145000001BA94102D2761E8018594180EA010280
:1014600021FA0EF362FA0EF200215A403046F0BD26
:1014700030B4B1FBF3FC03FB1C11A2FB0C45001BB9
:10148000A94103D2ACF1010C8018594130BC02468D
:101490000B46604600217047B2F1807F65D3F0B5FE
:1014A000B2FA82F7B1FA81F4C7F10F063D1B22FAB6
:1014B00006F307F1110EF24120355A40B5F10F073E
:1014C000B8D94140C4F12006A040F1414140B1FBF0
:1014D000F3FC03FB1C11A2FB0C45001BA94103D22A
:1014E000BCF1010C801859410F2F12D30F3FC903D3
:1014F00041EA5041B1FBF3F603FB1611A2FB06458E
:10150000D4EBC030A94102D2761E8018594146EA78
:10151000CC3C07B34140C7F12006B840F1414140FF
:10152000B1FBF3F603FB1611A2FB0645001BA94114
:1015300002D2761E8018594180EA010221FA0EF388
:10154000C7F1200462FA0EF20CFA07F05A402CFAA6
:1015500004F13043F0BD80EA010221FA0EF30021CC
:1015600062FA0EF260465A40F0BD8C46B1FBF2F1D1
:1015700002FB11C31B0243EA1063B3FBF2FC02FB44
:101580001C331B024CEA002043EA1063B3FBF2FC5D
:1015900002FB1C331B024CEA002043EA1063B3FB3E
:1015A000F2FC02FB1C331B024CEA002043EA1063EE
:1015B000B3FBF2FC02FB1C324CEA00200023704714
:1015C000012000F003B800007047000080B5AFF3C1
:1015D0000080024A11001820ABBEFBE72600020083
:1015E000022801D3012010E00B00DBB2042B01DB49
:1015F00001200AE0DFF8283803EB8000C9B2405C24
:10160000824201D3012000E000207047F8B50600B7
:101610000F0015001C00022E01D301201DE02A003E
:101620003900C9B23000FFF7DBFF012801D10120EA
:1016300013E03800C0B2002812D1B4F5807F0DD27B
:10164000DFF8E0077603304400EB850010F58050AA
:10165000016864F30F2101600020F2BD0120FCE766
:10166000FFB2012F11D1B4F5803F0CD2DFF8B407DF
:101670007603304400EB850010F5A050016864F358
:1016800017210160E8E70120E7E70120E5E700B264
:101690000012C0B27047F8B505000E001700280010
:1016A00000B2FFF7F4FF04002000C0B2022801D30B
:1016B000012024E03A003100C9B22000C0B2FFF797
:1016C0008FFF012801D1012019E0DFF85817200011
:1016D000C0B2400308442A00D2B200EB8200D0F826
:1016E000000CF6B266F3092067F30700E4B2640366
:1016F0002144EDB201EB8501C1F8000C0020F2BDE0
:1017000070B504000D001600022C01D301201DE06D
:1017100032002900C9B22000FFF762FF012801D181
:10172000012013E0DFF8FC166003085850F0004079
:1017300050F0407050F47F00EDB265F3092066F37D
:1017400007006203885064030859002070BD10B57B
:10175000C0B2002800F0EA80022800F0EB80C0F060
:10176000E780042800F0EA80C0F0E680062800F058
:10177000E980C0F0E580082800F0E880C0F0E4804F
:101780000A2800F0E780C0F0E3800C2800F0E68033
:10179000C0F0E2800E2800F0E580C0F0E180102863
:1017A00000F0E480C0F0E080122800F0E380C0F098
:1017B000DF80142800F0E280C0F0DE80162800F000
:1017C000E180C0F0DD80182800F0E080C0F0DC800F
:1017D0001A2800F0DF80C0F0DB801C2800F0DE80DB
:1017E000C0F0DA801E2800F0DD80C0F0D98020280B
:1017F00000F0DC80C0F0D880222800F0DB80C0F050
:10180000D780242800F0DA80C0F0D680262800F0A7
:10181000D980C0F0D580282800F0D880C0F0D480CE
:101820002A2800F0D780C0F0D3802C2800F0D68082
:10183000C0F0D2802E2800F0D580C0F0D1803028B2
:1018400000F0D480C0F0D080322800F0D380C0F007
:10185000CF80342800F0D280C0F0CE80362800F04F
:10186000D180C0F0CD80382800F0D080C0F0CC808E
:101870003A2800F0CF80C0F0CB803C2800F0CE802A
:10188000C0F0CA803E2800F0CD80C0F0C98040285A
:1018900000F0CC80C0F0C880422800F0CB80C0F0BF
:1018A000C780442800F0CA80C0F0C680462800F0F7
:1018B000C980C0F0C580482800F0C880C0F0C4804E
:1018C0004A2800F0C780C0F0C3804C2800F0C680D2
:1018D000C0F0C2804E2800F0C580C0F0C180502802
:1018E00000F0C480C0F0C080522800F0C380C0F077
:1018F000BF80542800F0C280C0F0BE80562800F09F
:10190000C180C0F0BD80582800F0C080C0F0BC800D
:101910005A2800F0BF80C0F0BB805C2800F0BE8079
:10192000C0F0BA805D2800F0BB80BBE01924BFE0A6
:101930003124BDE01824BBE03324B9E03524B7E0FE
:101940001424B5E03724B3E01324B1E02024AFE041
:101950001224ADE02124ABE01124A9E01024A7E07B
:101960002824A5E02924A3E02A24A1E009249FE05B
:101970002B249DE008249BE02C2499E0032497E08D
:10198000022495E0392493E03B2491E03D248FE04C
:1019900001248DE03F248BE0002489E0402487E08F
:1019A000412485E0422483E0432481E0BF247FE09A
:1019B00048247DE049247BE0BC2479E0992477E049
:1019C0009A2475E0502473E09B2471E0B6246FE004
:1019D00051246DE09C246BE0B52469E0522467E05B
:1019E000A02465E0B42463E0532461E0B3245FE005
:1019F00054245DE0B2245BE0B12459E0AD2457E00B
:101A0000602455E0AE2453E0612451E0AD244FE062
:101A100062244DE063244BE0AB2449E0642447E0BA
:101A2000AA2445E0652443E0A92441E0A8243FE03E
:101A300069243DE06B243BE06D2439E06F2437E0FE
:101A4000A32435E0702433E0A22431E071242FE098
:101A5000A1242DE097242BE0962429E0742427E08C
:101A6000952425E0752423E0942421E093241FE0AD
:101A700092241DE078241BE0792419E08C2417E0DF
:101A80007A2415E08B2413E07B2411E08A240FE0F4
:101A90005A240DE059240BE0892409E0582407E07A
:101AA000882405E09D22DFF84019002000F02CFE7C
:101AB0002000C0B210BD10B5C0B2002800F0EA800E
:101AC000022800F0EB80C0F0E780042800F0EA80F4
:101AD000C0F0E680062800F0E980C0F0E580082824
:101AE00000F0E880C0F0E4800A2800F0E780C0F051
:101AF000E3800C2800F0E680C0F0E2800E2800F0C1
:101B0000E580C0F0E180102800F0E480C0F0E080C3
:101B1000122800F0E380C0F0DF80142800F0E2809B
:101B2000C0F0DE80162800F0E180C0F0DD801828CB
:101B300000F0E080C0F0DC801A2800F0DF80C0F008
:101B4000DB801C2800F0DE80C0F0DA801E2800F068
:101B5000DD80C0F0D980202800F0DC80C0F0D88083
:101B6000222800F0DB80C0F0D780242800F0DA8043
:101B7000C0F0D680262800F0D980C0F0D580282873
:101B800000F0D880C0F0D4802A2800F0D780C0F0C0
:101B9000D3802C2800F0D680C0F0D2802E2800F010
:101BA000D580C0F0D180302800F0D480C0F0D08043
:101BB000322800F0D380C0F0CF80342800F0D280EB
:101BC000C0F0CE80362800F0D180C0F0CD8038281B
:101BD00000F0D080C0F0CC803A2800F0CF80C0F078
:101BE000CB803C2800F0CE80C0F0CA803E2800F0B8
:101BF000CD80C0F0C980402800F0CC80C0F0C88003
:101C0000422800F0CB80C0F0C780442800F0CA8092
:101C1000C0F0C680462800F0C980C0F0C5804828C2
:101C200000F0C880C0F0C4804A2800F0C780C0F02F
:101C3000C3804C2800F0C680C0F0C2804E2800F05F
:101C4000C580C0F0C180502800F0C480C0F0C080C2
:101C5000522800F0C380C0F0BF80542800F0C2803A
:101C6000C0F0BE80562800F0C180C0F0BD8058286A
:101C700000F0C080C0F0BC805A2800F0BF80C0F0E7
:101C8000BB805C2800F0BE80C0F0BA805D2800F008
:101C9000BB80BBE00824C0E00824BEE00824BCE010
:101CA0000824BAE00824B8E00824B6E00824B4E028
:101CB0000824B2E00824B0E00824AEE00824ACE038
:101CC0000824AAE00824A8E00824A6E00824A4E048
:101CD0000824A2E00824A0E008249EE008249CE058
:101CE00008249AE0082498E0082496E0082494E068
:101CF000082492E0082490E008248EE008248CE078
:101D000008248AE0082488E0082486E0082484E087
:101D1000082482E0082480E008247EE008247CE097
:101D200008247AE0082478E0082476E0082474E0A7
:101D3000082472E0082470E008246EE008246CE0B7
:101D400008246AE0082468E0082466E0082464E0C7
:101D5000082462E0082460E008245EE008245CE0D7
:101D600008245AE0162458E0082456E0082454E0D9
:101D7000082452E0082450E008244EE008244CE0F7
:101D800008244AE0082448E0082446E0082444E007
:101D9000082442E0082440E008243EE008243CE017
:101DA00008243AE0082438E0082436E0082434E027
:101DB000082432E0082430E008242EE008242CE037
:101DC00008242AE0082428E0082426E0082424E047
:101DD000082422E0082420E008241EE008241CE057
:101DE00008241AE0082418E0082416E0082414E067
:101DF000082412E0082410E008240EE008240CE077
:101E000008240AE0082408E0082406E04FF486725B
:101E1000DFF8D415002000F077FC2000C0B210BD20
:101E2000DCAE08100000044080B5C0B2002800F00D
:101E3000EA80022800F0EB80C0F0E780042800F080
:101E4000EA80C0F0E680062800F0E980C0F0E58076
:101E5000082800F0E880C0F0E4800A2800F0E7805D
:101E6000C0F0E3800C2800F0E680C0F0E2800E288D
:101E700000F0E580C0F0E180102800F0E480C0F0C0
:101E8000E080122800F0E380C0F0DF80142800F02A
:101E9000E280C0F0DE80162800F0E180C0F0DD8036
:101EA000182800F0E080C0F0DC801A2800F0DF8005
:101EB000C0F0DB801C2800F0DE80C0F0DA801E2835
:101EC00000F0DD80C0F0D980202800F0DC80C0F078
:101ED000D880222800F0DB80C0F0D780242800F0D2
:101EE000DA80C0F0D680262800F0D980C0F0D580F6
:101EF000282800F0D880C0F0D4802A2800F0D780AD
:101F0000C0F0D3802C2800F0D680C0F0D2802E28DC
:101F100000F0D580C0F0D180302800F0D480C0F02F
:101F2000D080322800F0D380C0F0CF80342800F079
:101F3000D280C0F0CE80362800F0D180C0F0CD80B5
:101F4000382800F0D080C0F0CC803A2800F0CF8054
:101F5000C0F0CB803C2800F0CE80C0F0CA803E2884
:101F600000F0CD80C0F0C980402800F0CC80C0F0E7
:101F7000C880422800F0CB80C0F0C780442800F021
:101F8000CA80C0F0C680462800F0C980C0F0C58075
:101F9000482800F0C880C0F0C4804A2800F0C780FC
:101FA000C0F0C3804C2800F0C680C0F0C2804E282C
:101FB00000F0C580C0F0C180502800F0C480C0F09F
:101FC000C080522800F0C380C0F0BF80542800F0C9
:101FD000C280C0F0BE80562800F0C180C0F0BD8035
:101FE000582800F0C080C0F0BC805A2800F0BF80A4
:101FF000C0F0BB805C2800F0BE80C0F0BA805D28D5
:1020000000F0BB80BBE00020C0E00020BEE001206B
:10201000BCE00120BAE00220B8E00320B6E00320D3
:10202000B4E00420B2E00420B0E00520AEE00520DA
:10203000ACE00620AAE00720A8E00920A6E00A20DC
:10204000A4E00B20A2E00B20A0E00C209EE00C20DE
:102050009CE00D209AE00D2098E00E2096E00F20E5
:1020600094E0102092E0112090E011208EE01220E8
:102070008CE012208AE0132088E0142086E01520EE
:1020800084E0162082E0162080E018207EE01920EF
:102090007CE019207AE01A2078E01B2076E01C20F2
:1020A00074E01C2072E01C2070E01D206EE01D20FA
:1020B0006CE01D206AE01E2068E01E2066E01E2005
:1020C00064E01F2062E01F2060E020205EE020200E
:1020D0005CE021205AE0222058E0242056E0242011
:1020E00054E0252052E0252050E026204EE0272015
:1020F0004CE027204AE0282048E0282046E029201C
:1021000044E0292042E02A2040E02C203EE02D201F
:102110003CE02E203AE02F2038E02F2036E030201F
:1021200034E0302032E0312030E031202EE0322027
:102130002CE033202AE0342028E0342026E035202B
:1021400024E0352022E0362020E037201EE0382031
:102150001CE039201AE0392018E03A2016E03A2035
:1021600014E03B2012E03B2010E03B200EE03C203E
:102170000CE03C200AE03D2008E03D2006E040F273
:102180007B129949002000F0BFFA0020C0B202BDC6
:10219000002007E09549C2018A5822F00042C3019D
:1021A000CA50401C3F28F5DB704770B504000E0094
:1021B000002000202000C0B2FFF736FE8B4DC0B2D9
:1021C000C0012844006A80B206FB00F642F210709B
:1021D000B6FBF0F62000C0B2FFF726FEC00128448F
:1021E000B6B246612000C0B2FFF71EFE0100C9B2C0
:1021F000C9012944096C51F00101C0B2C001284451
:10220000016470BD2DE9F041AAB004000D00160074
:10221000342100221DAF380000F006FB002074219D
:1022200000226F46380000F0FFFA0E201E902000BA
:10223000C0B2FFF740FC8DF87C002000C0B2FFF771
:1022400086FA07005FF008082000C0B2FFF77FFAA7
:102250001DAA97FBF8F108FB11773900644BC0B257
:10226000C010C001184400F09EFB2000C0B2FFF770
:10227000DBFD00220121C0B210F5937000B2FFF720
:102280000AFA2000C0B2FFF7CFFDC0B210F593707C
:1022900000B2FFF7FCF9092300220121C0B2FFF7C9
:1022A000B5F92000C0B2FFF7BFFDC0B210F59370C2
:1022B00000B2FFF7ECF900220121C0B2FFF720FACB
:1022C0004C48B0FBF5F1090C4A482A04B0FBF2F384
:1022D00002FB1300002800D0491C022903D2002071
:1022E0008DF801002FE0032903D201208DF80100B1
:1022F00029E0052903D202208DF8010023E00929F5
:1023000003D203208DF801001DE0112903D204201F
:102310008DF8010017E0212903D205208DF8010076
:1023200011E0412903D206208DF801000BE081293C
:1023300003D207208DF8010005E040F2C9122A49B6
:10234000002000F0E1F904208DF8000001208DF854
:10235000100000208DF8110003208DF812000320DA
:102360008DF8130000208DF80800224901229DF904
:1023700001008240B1FBF2F0B0FBF5F0401E059089
:102380000598401C06FB00F642F21070B6FBF0F018
:10239000089002208DF8400003208DF8680001208D
:1023A0001B9001208DF828002000C0B2FFF73CFDF3
:1023B0000E4D6946C0B2C001284400F033FB200036
:1023C000C0B2FFF731FDC0B2C001284400F02AFCC2
:1023D0002000C0B2FFF728FDC0B2C001284400F0C1
:1023E0002BFC2AB0BDE8F08170AB0810000058400B
:1023F0000000314000127A0082B0002001900020DD
:1024000000900020019009E00098401C0090009886
:10241000B0F5005FF8D30198401C01900198B0F529
:10242000805F02D200200090F1E702B0704780B5D3
:102430000100002000F009FE01BD2DE9F043ADF5DB
:10244000137D0700884616001C000020ADF802002E
:102450000020ADF80000002002900020ADF804003C
:102460000020ADF806004046FEF7D0FD0290DFF8F0
:1024700080532888002801D028698047DFF874033A
:102480000078002800F033812888002800F01181AE
:10249000BDF90600411CADF806103A00010089B2F2
:1024A0000020EB68984747464046FEF7AFFD029094
:1024B0006888A97990FBF1F0ADF804003800471C5A
:1024C00000780028FAD10020ADF800000EE07F1E51
:1024D00038782F2802D038785C2804D1BDF8000065
:1024E000401CADF800000298401E0290BDF80000AC
:1024F000022802DA02980028E9D50298002806D4BA
:102500007A1CDFF8F41253A801F090F80EE0BDF841
:102510000000002805D13A00B84953A801F086F818
:1025200004E03A00B44953A801F080F80020ADF867
:10253000020042E0BDF80010BDF80020BDF80230F6
:1025400053AF9BB2BDF90400434313FA82F0385CE9
:1025500043AA89B25054BDF80000401CADF80000F9
:10256000BDF8000080B2BDF9041088420EDA53A80D
:10257000FEF74CFDBDF80020BDF802309BB2BDF95E
:1025800004104B4313FA82F18842D3D2002043A9AE
:10259000BDF800208854BDF90600411CADF80610B6
:1025A00043AAE97911FB00F189B20020EB68984752
:1025B000BDF80200401CADF80200BDF8027053A83F
:1025C000FEF724FDBDF90410B0FBF1F0401CBFB2D2
:1025D000874203D20020ADF80000C1E732008849ED
:1025E00053A801F023F8BDF90600411CADF8061010
:1025F00053AAE97911FB00F189B20020EB689847F2
:10260000002C74D00020ADF8020041E0BDF80010AD
:10261000BDF80020BDF802309BB2BDF90400434371
:1026200013FA82F0205C43AA89B25054BDF800002E
:10263000401CADF80000BDF8000080B2BDF90410E8
:1026400088420EDA2000FEF7E1FCBDF80020BDF85C
:1026500002309BB2BDF904104B4313FA82F1884259
:10266000D4D2002043A9BDF800208854BDF906004B
:10267000411CADF8061043AAE97911FB00F189B2BB
:102680000020EB689847BDF80200401CADF802003E
:10269000BDF802602000FEF7B9FCBDF90410B0FBE4
:1026A000F1F0401CB6B2864221D20020ADF8000005
:1026B000C1E74FF4807100220DF10C09484600F08B
:1026C000B3F83800A9688847002C07D0009433007D
:1026D00042464C4903A800F0A9FF05E033004246FA
:1026E000494903A800F0A2FF03A8A96888470DF58F
:1026F000137DBDE8F08310B514002200D2B2002093
:1027000000F094FC200010BD38B50C001500C0B2DC
:10271000002803D13E480078002800D131BD3D4952
:102720000878002800D0FEE70878401C087000F008
:10273000E7FF00232A0021003748FFF77EFEFFF75E
:102740005BFEF6E710B514001A00C0B2002808D1ED
:1027500028480078002804D00B0021002F48FFF7FC
:102760006CFE10BD002101804FF6FF714180818019
:10277000FF218171C171002181600021C1600021B0
:10278000016170471A4902880A8042884A8082881B
:102790008A8082798A71C279CA7182688A60C268C5
:1027A000CA6000690861012012490870704700B5CD
:1027B00085B06846FFF7D6FF194802906846FFF7D4
:1027C000E1FF05B000BD80B5FFF7F1FF0023002257
:1027D0005FF4E131002000F03BFE4023114A00216C
:1027E0000A4800F0B5FF0121002000F0E3FC01BD24
:1027F000B40E0228B8100228ACAE08105CAE081067
:10280000B8AE081074AD08102CAE0810740E022873
:1028100089080228B91002286CAE0810C4AE08104E
:102820002F2408109C0C022862F30F2262F31F422F
:10283000401810F0030308D0C91A1FD3DB0748BFA4
:1028400000F8012D28BF20F8022D130030B41446E3
:102850001546103928BF20E93C00FAD8490728BF9F
:1028600020E90C0048BF40F8042D890028BF20F85B
:10287000022D48BF00F8012D30BC7047C91818BFA1
:1028800000F8012DCB0728BF00F8012D704700008C
:1028900030B4614B1818C009604C14EB00140429C3
:1028A0000DD223681F25C8008540AB43D2B212F079
:1028B0001F02C90012FA01F1194321600CE0091F3F
:1028C00063681F25C8008540AB43D2B212F01F02D7
:1028D000C9008A401A43626030BC7047002A04D1A4
:1028E000012212FA01F1416003E0012212FA01F122
:1028F0008160704710B48900436C0F248C40A3435F
:1029000012F00F0212FA01F11943416410BC704732
:1029100010B4836C01248C40A34312F0010212FA1C
:1029200001F11943816410BC704710B4C36C0124D9
:102930008C40A34312F0010212FA01F11943C16461
:1029400010BC704710B449001031C36C03248C4094
:10295000A34312F0030212FA01F11943C16410BC3F
:1029600070474269012212FA01F1416140697047E2
:1029700010B4836901248C40A34312F0010212FABF
:1029800001F11943816110BC704710B44900036C18
:1029900003248C40A34312F0030212FA01F11943FD
:1029A000016410BC7047F8B505000E001400002744
:1029B000002D2ED0002C2CD0226831002800FFF7EB
:1029C0008DFF227A31002800FFF762FF6269310033
:1029D0002800FFF79DFFA26931002800FFF7A5FF3F
:1029E000E26931002800FFF7ADFF6268310028007E
:1029F000FFF780FFE26831002800FFF7C6FF3100D3
:102A00002800FFF7AEFF226931002800FFF7B0FF72
:102A100000E0034F3800F2BD0000CFBF000030409F
:102A200001005A000122002800F0EC80002900F08B
:102A3000E980754A12680B7A63F392420B7B13F0BC
:102A4000030363F311420B7813F0070363F31A6275
:102A50008B7863F39E7291F8283063F3000291F84B
:102A6000343063F341020B7F63F382024B7F63F3E5
:102A7000C30291F8403063F38A2291F84030DBB210
:102A80005B08DBB263F3492291F8703063F30822EC
:102A900091F8713013F0030363F30D3202600A7A88
:102AA000002A02D10022826007E00A7A012A02D1BC
:102AB0004A69826001E0012282600A6A02614A6A10
:102AC0004261CA6A82610A6BC2614A6902628A69AA
:102AD00042624E4A126891F8443003F0FF03120A32
:102AE00012021A4391F84C3003F0FF0363F31742CC
:102AF00091F85C3003F0FF0363F31F6291F86C30D0
:102B000003F0FF0363F30F224264414A126891F815
:102B1000643003F0FF0363F30F2291F8543003F0A5
:102B2000FF03120A12021A4382643A4A126891F8A9
:102B3000413013F00303920892001A4391F8603079
:102B400013F0030363F38B2291F8483013F003036F
:102B500063F3051291F8503013F0030363F3092275
:102B600091F8583013F0030363F3871291F868303B
:102B700013F0030363F38302C264274A126891F8D7
:102B8000723013F00703D208D2001A4391F8733061
:102B900013F0070363F30612426591F8352082674C
:102BA0001E4A12680B7C13F00303920892001A432A
:102BB000CB7C13F0030363F387124B7C13F0030306
:102BC00063F383028B7C13F0030363F30512026546
:102BD000134A1268CB8863F31F428B889BB21B0A8F
:102BE0009BB263F30F220B78052B06D1097901F014
:102BF000FF01120A12020A4302E0497861F3070258
:102C0000026300221000704780AF081084AF0810E4
:102C100088AF08108CAF081090AF081094AF081060
:102C200098AF0810016851F00041016070470168D9
:102C300021F00041016070474030016851F01001FF
:102C400001607047010009B2002909D4012210F087
:102C50001F018A40DFF88C1900B2400941F820209A
:102C60007047022801D3012010E00B00DBB2042BD7
:102C700001DB01200AE0DFF8703903EB8000C9B204
:102C8000405C824201D3012000E000207047F8B58B
:102C900004000F0015001E00022C01D301202AE0C1
:102CA0002A003900C9B22000FFF7DBFF012801D15B
:102CB000012020E006983900C9B202291ED1B6F5DC
:102CC000803F19D2202817D24FF4C052DFF81C19C8
:102CD00063030B4403EB850313441F6866F3172754
:102CE0001F606403214401EB850111440A6860F30D
:102CF000C7020A600020F2BD0120FCE7FFB2032FEB
:102D00001FD1B6F1807F1AD2202818D24FF4E0529A
:102D1000DFF8D81863030B4403EB850313441F68E3
:102D200007F0FF0757EA06271F606403214401EB01
:102D3000850111440A6860F3C7020A60DAE70120DE
:102D4000D9E70120D7E700B20012C0B27047F8B54A
:102D500005000E001700280000B2FFF7F4FF040082
:102D60002000C0B2022801D3012024E03A00310043
:102D7000C9B22000C0B2FFF774FF012801D10120C1
:102D800019E0DFF868182000C0B2400308442A00A8
:102D9000D2B200EB8200D0F8000CF6B266F3092044
:102DA00067F30700E4B264032144EDB201EB85014F
:102DB000C1F8000C0020F2BD70B504000D00160033
:102DC000022C01D301201DE032002900C9B22000ED
:102DD000FFF747FF012801D1012013E0DFF80C18AD
:102DE0006003085850F0004050F0407050F47F00ED
:102DF000EDB265F3092066F30700620388506403AF
:102E00000859002070BDD0F840037047D0F808037F
:102E1000C005C00D7047C0F840127047D0F80802D6
:102E2000C005C00D7047D0F80802C0F3C03070472D
:102E300038B505002800FFF7F1FF04002800FFF770
:102E4000F2FF0419002C01D1012000E00020C0B2E3
:102E500032BDC0F8C81F7047D0F8C80F7047C0F81F
:102E6000881F7047D0F8880F7047016851F0004103
:102E70000160704738B504001500C9B2002906D0BA
:102E800002291ED010D3042935D027D340E0DFF823
:102E90006007A06001202073112060734FF48C70D4
:102EA000E0811220208239E0DFF84807A06001208D
:102EB00020731120607340F21D10E0816B2020828E
:102EC0002CE0DFF83407A06001202073112060732C
:102ED0004FF48E70E0816A2020821FE0DFF81C072B
:102EE000A060022020731120607340F21B10E0816B
:102EF0006920208212E0DFF80807A060012020731B
:102F0000132060734FF48D70E0816820208205E00B
:102F10007C22DFF8F0160020FFF7F6FBEDB2002D63
:102F200006D0022D1ED010D3042D35D027D340E07B
:102F3000DFF8BC06206000202071112060714FF482
:102F40008C70E0811220208239E0DFF8A806206032
:102F5000002020711120607140F21D10E0816B2073
:102F600020822CE0DFF890062060002020711120E4
:102F700060714FF48E70E0816A2020821FE0DFF8DC
:102F80007C062060012020711120607140F21B102E
:102F9000E0816920208212E0DFF8640620600020D2
:102FA0002071132060714FF48D70E08168202082C1
:102FB00005E0A822DFF84C160020FFF7A5FB31BD85
:102FC00010B5C0B2002806D002280AD006D30428C3
:102FD0000DD009D30EE0DFF8304611E0DFF82C46C3
:102FE0000EE0DFF82C460BE0DFF8284608E0DFF8BB
:102FF000284605E0BD22DFF80C160020FFF784FB11
:10300000200010BD38B50400DFF81056C9B220000A
:10301000C0B255F82000FFF7FEFE2000C0B255F800
:103020002000FFF705FF0028F7D031BD70B505007F
:103030000E00140006E031782800C0B2FFF7E2FF6E
:10304000641E761C002CF6D170BD38B504000D004E
:1030500005E029782000C0B2FFF7D4FF6D1C287866
:103060000028F6D131BD70B504000D000020DFF856
:10307000AC652000C0B256F82000FFF7C7FE00285C
:1030800007D0E4B256F82400FFF7BDFE28700120F7
:1030900000E00020C0B270BD70B505000C00DFF884
:1030A0007C652800C0B256F82000FFF7DBFE400820
:1030B000400001002800C0B256F82000FFF7CFFE04
:1030C0002800C0B256F82000FFF7CCFE30F0020016
:1030D00001002800C0B256F82000FFF7C0FE28000B
:1030E000C0B256F82000FFF7BDFE30F0200001000E
:1030F0002800C0B256F82000FFF7B1FE2800C0B289
:1031000056F82000FFF7AEFE30F040000100280026
:10311000C0B256F82000FFF7A2FE2800C0B256F851
:103120002000FFF79FFE30F0100001002800C0B221
:1031300056F82000FFF793FE2800C0B256F8200092
:10314000FFF790FE30F4807001002800C0B256F8FE
:103150002000FFF784FE2800C0B256F82000FFF7D9
:1031600081FE30F4806001002800C0B256F82000D3
:10317000FFF775FE002C0ED02800C0B256F82000D4
:10318000FFF76AFE50F400700100EDB256F825001A
:10319000FFF765FE0DE02800C0B256F82000FFF7EB
:1031A0005BFE30F400700100EDB256F82500FFF729
:1031B00056FE70BD70B505000C00DFF86064280095
:1031C000C0B256F82000FFF747FE4008400001005B
:1031D0002800C0B256F82000FFF73BFE2800C0B21E
:1031E00056F82000FFF738FE30F0080001002800F4
:1031F000C0B256F82000FFF72CFE2800C0B256F8E7
:103200002000FFF729FE30F0200001002800C0B2A6
:1032100056F82000FFF71DFE2800C0B256F8200027
:10322000FFF71AFE30F4807001002800C0B256F893
:103230002000FFF70EFE2800C0B256F82000FFF76E
:103240000BFE30F4007001002800C0B256F82000D8
:10325000FFF7FFFD2800C0B256F82000FFF7FCFD85
:1032600030F4006001002800C0B256F82000FFF7DB
:10327000F0FD002C0ED02800C0B256F82000FFF759
:10328000EBFD50F004000100EDB256F82500FFF709
:10329000E0FD0DE02800C0B256F82000FFF7DCFD8D
:1032A00030F004000100EDB256F82500FFF7D1FD23
:1032B00070BD2DE9F841A7B005000F0016002800E9
:1032C0003100C0B2C9B2884201D1012000E0002023
:1032D0001C00DFF8308340F25D124146C0B2FFF7B8
:1032E00013FA28002100C0B2C9B2884201D10120DE
:1032F00000E000204FF4AF724146C0B2FFF704FA7D
:1033000002A8142100F044FA342100220DF16808CB
:103310004046FFF789FA4C2100220DF11C08404677
:10332000FFF782FAFF003A000023BD480021FEF7B4
:103330002FF807002200D2B23100C9B202A8FFF76D
:1033400099FD08201B909DF80D008DF870001AAAB9
:103350009DF80C100298FFF726FB06201B909DF8A5
:103360000D008DF870001AAA9DF814100498FFF74C
:103370001AFB0020079008200890092009900220DD
:103380000B9002200C900020129000201490A34C6F
:103390002800C0B254F8200000F040FBA1492A00E8
:1033A000D2B2382042430A4407A92800C0B254F8D8
:1033B000200000F0F1F92800C0B254F82000FFF717
:1033C00054FD2A00D2B20321BDF91600FFF7BFFC5D
:1033D000BDF91600FFF7B7FC17F01F010091C7F306
:1033E00057132A00D2B20321C0B2FFF750FCBDF937
:1033F0001600FFF7A8FC2A00D2B20321C0B2FFF7E3
:10340000DBFCBDF91800ADF800000320ADF80200A8
:1034100001208DF80400684600F048FB824829002E
:10342000C9B250F82110BDF9000000F07EFBBDF9D3
:103430000200FFF707FC00212800C0B2FFF7BAFE28
:1034400000212800C0B2FFF727FE28B0BDE8F081B8
:103450002DE9F841A7B005000F0016002800310043
:10346000C0B2C9B2884201D1012000E000201C0096
:10347000DFF890814FF4CE724146C0B2FFF744F9B5
:1034800028002100C0B2C9B2884201D1012000E069
:10349000002040F29D124146C0B2FFF735F902A864
:1034A000142100F075F9342100220DF1680840461E
:1034B000FFF7BAF94C2100220DF11C084046FFF736
:1034C000B3F9FF003A00002355480021FDF760FFE3
:1034D00007002200D2B23100C9B202A8FFF7CAFC2D
:1034E00008201B909DF80D008DF870001AAA9DF819
:1034F0000C100298FFF757FA06201B909DF80D005C
:103500008DF870001AAA9DF814100498FFF74BFA72
:1035100000200790082008900820099002200B90B6
:1035200000200C9000201290002014903B4C2800AA
:10353000C0B254F8200000F071FA3A492A00D2B221
:10354000382042430A4407A92800C0B254F820009A
:1035500000F022F92800C0B254F82000FFF785FCE3
:103560002A00D2B20321BDF91600FFF7F0FBBDF926
:103570001600FFF7E8FB17F01F010091C7F3571380
:103580002A00D2B20321C0B2FFF781FBBDF91600B9
:10359000FFF7D9FB2A00D2B20321C0B2FFF70CFC1F
:1035A000BDF91800ADF800000320ADF802000120BD
:1035B0008DF8040007221C482900C9B250F82110D8
:1035C000684600F0A9F800212800C0B2FFF7F2FD1C
:1035D00000212800C0B2FFF75FFD28B0BDE8F081F0
:1035E0000000000000E100E0DCAE08100000044034
:1035F0000000314000023140000531408008314078
:1036000000073140F0AB081000006040000065404A
:10361000000064400000634000006240700802281F
:10362000008096988C0A02285C0802280CB430B5F9
:1036300083B00A4606A9029104460025019400952C
:1036400002AB01A9084878441E30FCF71CFD019A22
:10365000157000284EBF04460198041B204603B095
:1036600030BC5DF80CFB00BF5BD9FFFF010009B265
:10367000002908D4012210F01F018A401B4900B222
:10368000400941F820207047010009B2002908D400
:10369000012210F01F018A40154900B2400941F88B
:1036A00020207047020012B2002A04D44901114AB6
:1036B00000B2115407E049010F4A00B210F00F00A8
:1036C000104400F8041C7047002800D162B60B4873
:1036D0000168491C0160704772B6084908680028F3
:1036E00002D00868401E08600868704700E100E0EA
:1036F00080E200E000E400E018ED00E0681002283D
:1037000080B5FFF7E9FFFEF743FD01BD80B5C9B203
:1037100000B2FFF7C7FF01BD70B504000D00160031
:10372000200000F0C3F92900B4F9000000F0FDF911
:103730003100C9B2B4F90200FFF7E8FFB4F90200A2
:10374000FFF7A2FFB4F90200FFF790FF70BD000081
:10375000F8B504000E0017001D00002C01D0012058
:1037600000E000204FF407720849C0B2FEF7CCFF1A
:10377000002067600021217066700021A160002197
:10378000E16025616561C0B2F2BD0000F0AA0810D9
:10379000002200F0E1B900002DE9F44FDFF8D82253
:1037A000DFF8D8321B68DFF8D8422468DFF8D4523B
:1037B0002D68DFF8D4623668DFF8D0723F68DFF832
:1037C000D0C2DCF800C0DFF8CCE2DEF800E0DFF8C1
:1037D000C882D8F80080DFF8C492D9F80090DFF8EA
:1037E000C0A2DAF800A0002800F01581002900F03E
:1037F00012810A68022A06D191F82620002A02D1F5
:103800005FF0000B03E0D1F804B0BBF1010B91F8BD
:103810002420002A01D0012200E0002262F310439C
:1038200033F440436BF30303022262F31963036032
:103830000A7812F0030262F31964046491F82520F7
:10384000002A01D0012200E0002262F38615CA7E20
:10385000002A01D0012200E0002262F38A254A7E7C
:10386000002A01D0012200E0002262F308258A7EAE
:10387000002A01D0012200E0002262F349258A6B70
:10388000521E12F00F0262F313450A69521E12F023
:103890000702ED08ED0015434A6962F304154A6911
:1038A000520862F3451585640A7B002A01D0012283
:1038B00000E0002262F308260A7E002A01D00122DD
:1038C00000E0002262F349268A68521E12F01F02AD
:1038D000760976011643C0F800630A7F02F0FF0202
:1038E0003F0A3F02174391F8202002F0FF0262F3E3
:1038F0001747C0F8107391F82720002A01D0012241
:1039000000E0002262F3082C0A69521E12F007023E
:103910005FEADC0C5FEACC0C52EA0C0C4A6962F3F9
:10392000041C4A69520862F3451CC0F844C00A7B73
:10393000002A01D0012200E0002262F3082E8A68EA
:10394000521E12F01F025FEA5E1E5FEA4E1E52EA2E
:103950000E0E0A68012A01D1012200E0002262F362
:10396000104EC0F800E291F83C2002F0FF025FEA3E
:1039700018285FEA082852EA0808C0F8048391F87A
:103980002820002A01D0012200E0002262F35969B8
:10399000CA6A012A01D1012200E0002262F31869FB
:1039A0004A6B012A01D1012300E00023009A63F34E
:1039B000104991F8303003F0FF035FEA19295FEAFC
:1039C000092953EA0909C0F8509091F8443003F0EE
:1039D000FF035FEA1A2A5FEA0A2A53EA0A0AC0F8D2
:1039E00004A28B6CC0F8883F096CC0F8C81F002A7D
:1039F00010D0002050600020106000209060002057
:103A0000D060002010620020D06200201063DFF838
:103A10009400506300221000BDE8F28FDFF8881098
:103A200001605FF4401101640021816440F20711DC
:103A3000C0F800130022C0F804230022C0F81023AD
:103A400000224264C0F800120021C0F804120021D4
:103A500001650021C0F8C81E0021C0F8881E0021A1
:103A6000C0F8C81F0021C0F8881F0021C0F8081F37
:103A70000021C0F8481F70470160AA003CAF081041
:103A800040AF081044AF081048AF08104CAF081002
:103A900050AF081054AF081058AF08105CAF0810B2
:103AA00060AF0810EFCDAB000F00000330B4002171
:103AB000234A1368234A1468002832D0224A156822
:103AC000C5F303250E2D0FD01268C2F303220D2A71
:103AD00028D1827812F00F022409240114430279BC
:103AE000002A15D0012214E0827812F00F021B097F
:103AF0001B0113430279002A01D0012200E00022B9
:103B000062F3DF73114AB0F9000042F8203009E097
:103B1000002262F3DF740E4AB0F9000042F8204040
:103B200000E00649080030BC70470A4B1A68002ABA
:103B300003D01A6800B242F8201070470100560006
:103B400064AF081068AF08100000204000A02040BB
:103B500000C02040EC06022800B500BF13009646C6
:103B60009446103928BFA0E80C50FAD85FEA417C8F
:103B700028BF0CC048BF40F8042BC90728BF20F855
:103B8000022B48BF00F8012B00BD000080B52DEDD1
:103B9000068BF0EE609A9FED37AADFF80405D0EDB2
:103BA000000AF5EE400AF1EE10FA02DDD0ED00AAAF
:103BB00003E0DFF8F004D0ED00AADFF8EC04D0ED6C
:103BC000000AF5EE400AF1EE10FA02DD90ED008AEF
:103BD00003E0DFF8D80490ED008ADFF8D404D0EDDC
:103BE000000AF5EE400AF1EE10FA02DDD0ED008A8F
:103BF00003E0DFF8C004D0ED008AB2EE041AFAEE5A
:103C0000040A00F0C1FEB0EE409A9FED4E1ADFEDBF
:103C10004E0AB0EE690A00F0B7FEF0EE400A29EE57
:103C20000A0A6AEEA09A00F0E1FE29EE800AF0EEA0
:103C3000C90A9FED461AF4EE410AF1EE10FA10DBC4
:103C4000F0EEC00AF4EE680AF1EE10FA09D5B5EE0E
:103C5000409AF1EE10FA02DDB0EE680A01E0B1EE32
:103C6000680AB0EE481AF1EE480A00F08DFEBDEC8D
:103C7000068B01BD35FA8E3C10B5DFF83C442000C0
:103C800000F093FEDFF8340490ED001ADFF8300402
:103C9000D0ED000ADFF82C0490ED000A200000F0BF
:103CA0009DFEDFF82444200000F07FFEDFF81C04B6
:103CB00090ED001ADFF81804D0ED000ADFF81404C4
:103CC00090ED000A200000F089FEDFF80C4420008F
:103CD00000F06BFEDFF8040490ED001ADFF800043A
:103CE000D0ED000ADFF8FC0390ED000A200000F0A0
:103CF00075FEDFF8F443200000F057FEDFF8EC0318
:103D000090ED001ADFF8E803D0ED000ADFF8E403D5
:103D100090ED000A200000F061FEDFF8DC43200097
:103D200000F043FEDFF8D40390ED001ADFF8E80658
:103D3000D0ED000ADFF8E40690ED000A200000F064
:103D40004DFE10BD295C0F3ECDCCCC3C9B99993EDD
:103D5000E0B5FFF791FF6A4601A9DFF8CC06D0ED88
:103D6000000ADFF80C0B90ED000A002001F024F9A6
:103D70000099019801F0BFF907BD000030EEC00ABC
:103D800080ED010A90ED020AD0ED010A30EE200A22
:103D900080ED020A90ED020ADFED920AB4EE600AAD
:103DA000F1EE10FA02DBDFF8841681609FED8E0AD7
:103DB000D0ED020AF4EE400AF1EE10FA01D580EDE2
:103DC000020ABD4991ED000AD0ED010A20EE200A59
:103DD000D1ED010A90ED021A00EE810A80ED000A91
:103DE00090ED000ADFED810AB4EE600AF1EE10FA00
:103DF00002DBDFF8941A0160B9EE080AD0ED000A80
:103E0000F4EE400AF1EE10FA01D580ED000A90EDD3
:103E1000000A704710B52DED028BDFF80806D0EDD3
:103E2000001A31EE811A31EE408AF1EE608ADFF835
:103E3000444A94ED000A30EE080A84ED000A9FED32
:103E40006C1ADFED6C0A94ED000A00F09DFD84ED24
:103E5000000A9D4890ED000A20EE480AD0ED010AC4
:103E600094ED001A00EEC10AD0ED020A08EEA00A95
:103E7000DFF8040A80ED008ADFED5F0AB4EE600A25
:103E8000F1EE10FA01DB9FED5D0ADFED7B0AB4EE87
:103E9000600AF1EE10FA01D5B0EE600ABDEC028BBB
:103EA00010BD000070EE600ADFF8D00990ED000A46
:103EB00030EE200A80ED000A90ED000A9FED6F1AA7
:103EC000B4EE410AF1EE10FA02DBDFF8B41901603A
:103ED0009FED6B0A90ED001AB4EE401AF1EE10FA65
:103EE00001D580ED000ADFF89C1991ED000A30EE53
:103EF000C01ADFF8982992ED000A20EE200AD2EDD0
:103F0000011A90ED002A01EE820AD2ED021A01EEAA
:103F1000810AC1ED000A7047010040F2D170814270
:103F200002DB4FF4FA6004E0DFF86409814200DB51
:103F300008007047DFF85C0900210160DFF85809CC
:103F400000210160DFF8540900210160DFF8500909
:103F500000210160DFF84C0900210160DFF8480909
:103F600000210160704780B50020DFF8401908800B
:103F70000020DFF83C190880FFF7DCFF002100205B
:103F800001F0BFFA01BD10B52DED028BC0B20028C3
:103F900008D030EE201ABDEEC11A30EE600ABDEE38
:103FA000C08A03E0BDEEC01ABDEEC08A11EE100A51
:103FB000FFF7B2FF0400644218EE100AFFF7ACFFEF
:103FC000DFF8E8180C80DFF8E81808806442404207
:103FD000010009B2200000B201F093FABDEC028B9F
:103FE00010BD00000100FA440000FAC40100C04006
:103FF00000007A4400007AC401409C4500409C4582
:1040000080B530EEC00ADFF81804D0ED020A03E0F4
:104010009FED1C1A30EE010A9FED1B1AB4EE410A07
:10402000F1EE10FAF4DA9FED191AB4EE410AF1EE4E
:1040300010FA04D59FED161A30EE010AF3E7B0EE40
:10404000C01AF7EE081AB4EE611AF1EE10FA01D5B3
:104050009FED100A234890ED001A21EE000A1F4838
:1040600090ED001A01EE600A9FED0B1ADFED0B0ACE
:1040700000F08AFC01BD000000409CC50180BB44EB
:104080000080BBC40000B4C301003443000034C34B
:104090000000B4430000000000009644000096C4F5
:1040A0003C070228F8AF081040070228FCAF0810B0
:1040B0004407022800B00810DC0C0228F40F022884
:1040C000F00F0228EC0F02280C0D02280010022825
:1040D000FC0F0228F80F02283C0D022824100228A9
:1040E000201002281C1002286C0D02280C10022837
:1040F00008100228041002289C0D0228181002281B
:1041000070B52DED028BDFF8AC07B0F9000000EEC2
:10411000100AB8EEC00A01F0A7FAB0EE408A01F02A
:104120007DFC002815D0032001F047FDDFF888074B
:1041300000210160DFF8840700210160DFF88007BB
:1041400000210160DFF87C0700210160FFF70BFF11
:104150005CE101F049FF002815D1012001F02DFD9F
:10416000DFF8540700210160DFF8500700210160EB
:10417000DFF84C0700210160DFF8480700210160EB
:10418000FFF7F1FE42E1002001F017FDDFF83817DC
:10419000087800280BD0DFF834070078002806D014
:1041A000DFF82C07DFF82C27026000200870DFF80A
:1041B00028579B4C206B286002F07BF8002833D0F6
:1041C000032001F0FAFC9FED931ADFED920A9FEDB8
:1041D000910ADFF8080700F001FC9FED8E1ADFED71
:1041E0008D0A9FED8C0ADFF8F80600F0F7FB9FEDD3
:1041F000891ADFED880A9FED870ADFF8900600F044
:10420000EDFBDFF8B40600210160DFF8B006002105
:104210000160DFF8AC0600210160DFF8A80600218C
:104220000160FFF7A0FEF1E0DFF8B80690ED001A9C
:10423000DFF8B406D0ED000ADFF8B00690ED000A12
:10424000DFF8980600F0CAFBDFF8A40690ED001A2C
:10425000DFF8A006D0ED000ADFF89C0690ED000A1A
:10426000DFF87C0600F0BAFBDFF8900690ED001A4C
:10427000DFF88C06D0ED000ADFF8880690ED000A22
:10428000DFF8080600F0AAFBDFF87C0690ED001AC4
:10429000DFF87806D0ED000ADFF8740690ED000A2A
:1042A000DFF8700600F09AFBDFF86C160878401C07
:1042B0000870DFF868060278521C02700A78052A36
:1042C00052DB00220A70DFF85826DFF85816B1F9E1
:1042D00010305B4200EE103AB8EEC00A82ED000AE0
:1042E000DFF84436B1F91210494200EE101AB8EE68
:1042F000C00A83ED000ADFF8341692ED000AD3ED10
:10430000000A30EE600AF0EE000A80EE200A81ED2D
:10431000000A0278142A1BDB00220270DFF89C6579
:10432000DFF80C06D0ED000A91ED000ADFF8040674
:10433000FFF724FD86ED000ADFF88405316801608F
:10434000DFF8F40531680160DFF8F01500680860F7
:104350009FED301AF0EE480A95ED000AFFF75AFD7E
:10436000DFF8540580ED000ADFF84C65F0EE480AEE
:1043700096ED000AFFF796FDB0EE408ADFF844554F
:10438000DFF84C05D0ED000A94ED0A0AFFF738FE7D
:1043900085ED000ADFF82405DFF8F81402680A60EA
:1043A000DFF8F41400680860DFF8F0043168016099
:1043B000DFF8EC0431680160DFF8E80480ED008A82
:1043C000DFF8E40480ED008ADFF874050068002857
:1043D00001D1012000E00020C0B2D5ED000AB0EE0E
:1043E000480AFFF7D0FDDFF85C050178491C017031
:1043F000017814290ADB0021017001F00FFB00286D
:1044000004D10949DFF8680400F012F8BDEC028B12
:1044100070BD0000000000001410022810100228D7
:104420005C0C0228E40F0228380702280000FA4436
:10443000F8B52DED068B84B005000C00B7EE000A30
:104440000020DFF8040590ED000AF7EE000A30EED8
:10445000200A80ED000A01F0E1FA00280BD00420C8
:1044600001F0B2FBDFF8D40400210160DFF8DC04C6
:1044700000210160F3E1022001F048FB002840F038
:10448000D3809FED9C1ADFED9C0A95ED000A00F0A9
:104490007BFAB0EE408A9FED991ADFED990A94ED10
:1044A000000A00F071FAF0EE408A042001F08CFB63
:1044B00002AA03A9F0EE680AB0EE480A002000F054
:1044C0007BFD6A4601A9F0EE680AB0EE480A0120B9
:1044D00000F072FDDFF878140878002815D00398F2
:1044E000DFF8702410600298DFF86C2410600198E7
:1044F000DFF8682410600098DFF864241060DFF8AB
:10450000640480ED008A00200870DFF85C04DFF8A6
:1045100044549DED030AB8EEC00AD0ED000A20EE27
:10452000200AD5ED000AF8EEE00AB7EE001AD0ED49
:10453000001A31EE611A00EE810ABDEEC00A8DED5F
:10454000030ADFF814649DED020AB8EEC00AD0ED4C
:10455000000A20EE200AD6ED000AF8EEE00AB7EED7
:10456000001AD0ED001A31EE611A00EE810ABDEE9C
:10457000C00A8DED020ADFF8E4739DED010AB8EE82
:10458000C00AD0ED000A20EE200AD7ED000AF8EEAE
:10459000E00AB7EE001AD0ED001A31EE611A00EE13
:1045A000810ABDEEC00A8DED010ADFF8B4439DED2E
:1045B000000AB8EEC00AD0ED000A20EE200AD4EDC1
:1045C000000AF8EEE00AB7EE001AD0ED001A31EE5C
:1045D000611A00EE810ABDEEC00A8DED000A029953
:1045E000039800F007FE0099019800F02DFE039853
:1045F0002860029830600198386000982060DFF8E9
:104600006C0300210160DFF8340300210160DFF852
:104610003C0300210160DFF8580380ED008ADFF8D9
:10462000540380ED008A1AE100209FED8F1ADFED20
:104630008F0ADFF8440390ED000A00F0A5F9B0EE10
:10464000408ADFED2D8ADFED2B9AB0EE691AF0EE8D
:10465000680A95ED000A00F097F9B0EE409A9FEDD8
:10466000271ADFED270A94ED000A00F08DF9B0EE6D
:1046700040AADFF8C462F0EE4A0A96ED000AFFF79E
:1046800085FAF0EE40AAB0EE691AF0EE680A39EE4B
:104690002A0A00F079F9F0EE408A082001F094FA35
:1046A000DFF8980231680160DFF8A002C0ED00AACF
:1046B000DFF8BC02C0ED008A85ED009A84ED00AA07
:1046C000DFF8B85220682860DFF8B46220683060F4
:1046D000DFF89802C0ED00AA0120DFF8A8120870E8
:1046E000DFF86C42207800280CD0DFF87802C0EDAB
:1046F000008A18E0CDCC4C3DCDCC4CBD295C0F3EA2
:10470000CDCCCC3C974FB0EE481AF1EE480A97ED6D
:10471000000A38EEC00A00F037F9D7ED000A30EE93
:10472000800A87ED000A8F4F92483968016002AA1B
:1047300003A9D5ED000A97ED000A002000F03CFC2B
:104740006A4601A9D6ED000A97ED000A012000F0A3
:1047500033FC207800280DD003987E490860029829
:104760007D49086001987D49086000987C4908608F
:10477000002020707C48774D9DED030AB8EEC00AFA
:10478000D0ED000A20EE200AD5ED000AF8EEE00A8E
:10479000B7EE001AD0ED001A31EE611A00EE810A70
:1047A000BDEEC00A8DED030A6B4E9DED020AB8EE18
:1047B000C00AD0ED000A20EE200AD6ED000AF8EE7D
:1047C000E00AB7EE001AD0ED001A31EE611A00EEE1
:1047D000810ABDEEC00A8DED020A604F9DED010A0F
:1047E000B8EEC00AD0ED000A20EE200AD7ED000A8C
:1047F000F8EEE00AB7EE001AD0ED001A31EE611AB9
:1048000000EE810ABDEEC00A8DED010A544C9DED0B
:10481000000AB8EEC00AD0ED000A20EE200AD4ED5E
:10482000000AF8EEE00AB7EE001AD0ED001A31EEF9
:10483000611A00EE810ABDEEC00A8DED000A0299F0
:10484000039800F0D7FC0099019800F0FDFC039854
:10485000286002983060019838600098206004B0A9
:10486000BDEC068BF1BD00000AD7A33C17B7D138C9
:10487000E80F0228900F0228640F0228940F0228E4
:104880000080BB44680F02280000C0406C0D022865
:1048900030F8FFFF4C0F0228500F0228540F022857
:1048A000580F02285C0F0228600F02288610022889
:1048B0008810022892100228980F0228440F02281C
:1048C000480F0228400F022886080228A01002285C
:1048D00034070228000034436C0F0228DC0C022845
:1048E0000C0D0228F40F0228F00F0228EC0F02280A
:1048F00000100228FC0F0228F80F02280C100228D2
:10490000081002280410022824100228201002286F
:104910001C1002283C0D0228A1100228A210022817
:10492000340F0228A00E0228380F0228300F022868
:10493000E00F0228F80E0228780F02287C0F0228C8
:10494000740F0228A31002288C0F0228800F02285F
:1049500087080228A80F0228AC0F0228B00F0228EF
:10496000B40F02289C0F02289CAF08103C0F0228AD
:10497000840F0228880F022848070228A00F022867
:10498000A40F022888080228B4EE600AF1EE10FA9B
:1049900002D5B0EE600A07E0B4EE401AF1EE10FA6C
:1049A00002D5B0EE410AFFE7704700210160002107
:1049B0004160002181600021C1600021016100216E
:1049C0004161002181610021C1610021016200215A
:1049D0004162002181620021C162704780ED000ABE
:1049E000C0ED010A80ED021A70470000DFED5B0A9E
:1049F00060EE200A10EE901A21F0004001EE100A3D
:104A0000DFED571AB4EE611AF1EE10FA25D54FF02A
:104A10007C5001F00041014301EE101A71EE200AB2
:104A2000FDEEE00A10EE900A002864D0FAEEC90A02
:104A30009FED4C1A00EE810ADFED4B1A00EEA10A41
:104A40009FED4A2A00EE820ADFED492A00EEA20A13
:104A50009FED481A00EE810A4DE010EE100A420068
:104A6000121612F1010F09D14000011611F1010FC8
:104A700001D1000270D19FED400A704740006BD019
:104A80004FF07C5001F00041014301EE101A71EE2D
:104A9000200A10EE901A48000DD0000EC0F19600CA
:104AA0001828A8BF01F0004103DA0028C4BFC140A4
:104AB000814000EE901A10EE900A400017D09FED52
:104AC0002F1A20EE811ADFED271A01EE210A9FED41
:104AD000262A01EE020ADFED252A01EE220A9FEDC9
:104AE000243A01EE030ADFED231A01EE210AFDEE5E
:104AF000E00A10EE900A10EE101A21F0004100EECC
:104B0000901A9FED1F1AF4EE410AF1EE10FA00F030
:104B1000030006D5C0071FD5FFEE000A80EE800A0D
:104B2000704720EE001ADFED171A9FED172A01EEED
:104B3000212AF7EE000A42EE010A20EE011ADFED0B
:104B4000132AC00701EE220A04D580EE800AB1EED6
:104B5000400A704780EE200A704700BF83F9223F69
:104B60000000004F0000C9C600A0FDC00020A2BA8E
:104B7000000034B30030C2AEFFFFFF7F000080387A
:104B8000000080396D161F3C1EB5DBBE8329C4BDF5
:104B900003E0DFEDA20A30EE200ADFEDAA0AB4EE50
:104BA000600AF1EE10FAF4DAB5EE400AF1EE10FA0E
:104BB00002D530EE200AF7E77047000080B5FFF716
:104BC000E7FFDFED970AB4EE600AF1EE10FA03DBBF
:104BD000DFED920A30EE200A01BDB5EE400AF1EE9B
:104BE00010FA01DAB1EE400A704780B530EE600A83
:104BF000FFF7E4FFFFF7F1FF01BD000038B52DED31
:104C0000048BB0EE601A04000D00B7EEC00A9FEDF1
:104C1000853B30EE030BF7EEC01B9FED842BB0EE0F
:104C2000000A61EE800AB7EEE03A23EE023BF7EEAF
:104C3000C30B21EE000AB7EEC03A23EE022BB7EE0B
:104C4000C20B61EEA11A41EE011AB7EEE11A9FED17
:104C5000793B31EE031B9FED793B31EE031BB7EE41
:104C6000C18B60EEA08A40EE008AB0EE681A08EEB2
:104C7000481AB5EE401AF1EE10FA04D4F5EE408A67
:104C8000F1EE10FA01D8002028E001F0C5FBB0EEEB
:104C9000409AB0EE680A01F0F5FB88EE000A01F0D8
:104CA00001FCF0EE409A9FEDC18B39EE290AB7EE78
:104CB000C00A20EE080BB7EEC00BFFF769FF84EDCA
:104CC000000A39EE690AB7EEC00A20EE080BB7EE0B
:104CD000C00BFFF75DFF85ED000A0120BDEC048BE2
:104CE00032BD000038B52DED048BB0EE601A040023
:104CF0000D00B7EEC00A9FEDAA3B30EE030BF7EEB6
:104D0000C01B9FED4A2BB0EE000A61EE800AB7EEA1
:104D1000E03A23EE023BF7EEC30B21EE000AB7EEBA
:104D2000C03A23EE022BB7EEC20B61EEA11A41EEA0
:104D3000011AB7EEE11A9FED3F3B31EE031B9FEDE9
:104D40003F3B31EE031BB7EEC18B60EEA08A40EE15
:104D5000008AB0EE681A08EE481AB5EE401AF1EE75
:104D600010FA04D4F5EE408AF1EE10FA01D80020D2
:104D700028E001F051FBB0EE409AB0EE680A01F075
:104D800081FB88EE000A01F08DFBF0EE409A9FED6A
:104D9000878B39EE690AB7EEC00A20EE080BB7EE32
:104DA000C00BFFF70BFF84ED000A39EE290AB7EEBE
:104DB000C00A20EE080BB7EEC00BFFF7FFFE85ED33
:104DC000000A0120BDEC048B32BD0000DFED760A45
:104DD000B4EE600AF1EE10FA08DBDFED760AB4EE0D
:104DE000600AF1EE10FA01D5012000E00020C0B207
:104DF00070470000DFEDA60AB4EE600AF1EE10FA8B
:104E000008DBDFEDA40AB4EE600AF1EE10FA01D57A
:104E1000012000E00020C0B2704700000000B4C3D1
:104E200001003443DBF97E6ABC74933FB81E85EB06
:104E300051B8AE3F92CB7F48BF7D6D3F82E2C798AD
:104E4000BB9680BF0000B44338B52DED048BF0EE67
:104E5000408AB0EE609AB0EE418A0500B0EE680A72
:104E6000FFF7B4FF0400B0EE490AFFF7AFFF50EAC6
:104E70000401002901D1002027E0002C05D00028E2
:104E800003D1C5ED008A01201FE0002C05D10028C8
:104E900003D085ED009A012017E0F0EE480AB0EE4D
:104EA000680AFFF7A2FEF0EE409AF0EE480AB0EE74
:104EB000490AFFF79AFEB4EE690AF1EE10FA01DA38
:104EC000F0EE498AC5ED008A0120BDEC048B32BDAD
:104ED00038B52DED048BB0EE409AB0EE608AF0EE5E
:104EE000418A0500B0EE490AFFF784FF0400B0EEE6
:104EF000480AFFF77FFF50EA0401002901D1002092
:104F000023E0002C05D0002803D185ED009A012074
:104F10001BE0002C05D1002803D085ED008A01207C
:104F200013E039EE680AFFF758FEF0EE409A38EECB
:104F3000680AFFF752FEB4EE690AF1EE10FA01DAE0
:104F4000B0EE489A85ED009A0120BDEC048B32BD8D
:104F5000DFED510A30EE200ADFED500A80EE200A24
:104F6000DFED4F0A9FED4F1A00EE201ABDEEC10A89
:104F700010EE100A70470000DFED4B0A30EE200AF9
:104F8000DFED460A80EE200ADFED450A9FED451A67
:104F900000EE201ABDEEC10A10EE100A70470000A4
:104FA000DBF97E6ABC7493BF0000C642F8C1631A85
:104FB000DCA54C400180824370B52DED028B86B09C
:104FC000B0EE408AF0EE608A0D001400002D01D092
:104FD000002C00D158E00100C9B2002909D001001D
:104FE000C9B2012905D0FA20286040F2EE202060E5
:104FF0004AE02E49C0B2000101EB000604A905A851
:10500000F0EE680AB0EE480AFFF7F8FD002809D074
:1050100002A903A8F0EE680AB0EE480AFFF762FEA4
:10502000002804D130682860706820602CE001A856
:1050300096ED021ADDED040A9DED050AFFF704FF67
:1050400000280AD0684696ED031ADDED020A9DEDB0
:10505000030AFFF73DFF002804D13068286070681C
:10506000206011E09DED010AFFF772FF28609DEDC1
:10507000000AFFF781FF20602868306020687060B8
:105080000198B0600098F06006B0BDEC028B70BD76
:105090000000A2C20100A2420000B4C200003443DA
:1050A00000007A4400007A430000B442F00602286F
:1050B000704740F2DC51081A704740F2CF418842F5
:1050C00002D340F2CE4003E0FA2801D2FA20FFE7F3
:1050D000704780B5B1F9062080180A89904200DA3D
:1050E00008894A89824200DA48890979002901D071
:1050F000FFF7DFFF02BD2DE9F0410D00FFF7DDFFF7
:1051000004002800FFF7D9FF0500654804606548E2
:1051100005606548046065480560654E654928007E
:10512000FFF7D7FF3060644F64492800FFF7D1FFD5
:105130003860634D63492000FFF7CBFF2860DFF83C
:10514000888162492000FFF7C4FFC8F800000121F0
:105150003068FFF7ADFF306002213868FFF7A8FF25
:10516000386003212868FFF7A3FF28600421D8F8DE
:105170000000FFF79DFFC8F80000326832211420BC
:10518000FDF740F83A6832211120FDF73BF82A6814
:1051900032211020FDF736F8D8F8002032210E20F9
:1051A000FDF730F8BDE8F08180B54949C0B2C001D3
:1051B0000844FDF73CFD01BD80B500211420FCF73B
:1051C000F4FF00211120FCF7F0FF00211020FCF774
:1051D000ECFF00210E20FCF7E8FF0D20FFF7E4FFB5
:1051E0000C20FFF7E1FF0B20FFF7DEFF0A20FFF79F
:1051F000DBFF01BD70B50D00FFF75FFF0400280065
:10520000FFF75BFF26490C6026490860284D2949B5
:10521000FFF75FFF28602C4E2C492000FFF759FF55
:10522000306001212868FFF743FF286004213068BF
:10523000FFF73EFF306029681420FCF7B6FF3168A5
:105240000E20FCF7B2FF70BD70B50D00FFF735FF03
:1052500004002800FFF731FF0500134804601348DD
:105260000560174E17492000FFF733FF3060124CDE
:1052700012492800FFF72DFF206003213068FFF757
:1052800017FF306002212068FFF712FF20603168AD
:105290001020FCF78AFF21681120FCF786FF70BD03
:1052A000CC0F0228D00F0228D40F0228D80F0228D2
:1052B000BC0F022888AE0810C00F0228A0AE08104C
:1052C000C40F022894AE0810C80F02287CAE081044
:1052D0000000584080B500F087FE002804D101206E
:1052E00000F064FC002003E0002000F05FFC0120DF
:1052F00002BD0A00030012B21BB29A4202DA080091
:1053000000B20BE0020012B20B001BB2DA4204DA68
:1053100009B24942080000B200E000B27047002222
:1053200002700020088070470278002A03D1012211
:10533000027000200880B1F90000B0F5FA6F0BDAB6
:10534000088878300880B1F9000040F2D1729042AC
:1053500002DB4FF4FA60088070470120AE49087004
:105360007047AE480178012902D00078022801D1A7
:10537000012000E00020C0B2704780B5FFF7F1FFC8
:10538000002819D10020A64908700020A5490870FE
:105390000020A5490880A14801210170007800F093
:1053A00062FC0021002000F0ACF808229F49022096
:1053B000FDF73CFE00F002F901BD10B5974C2078D6
:1053C000002805D02078032802D02078042800D1B6
:1053D00033E0954908884FF6FF72904202D0088862
:1053E000401C0880207801281AD10888B0F5FA6F8F
:1053F0000CD38B480078002808D08A480078002811
:1054000004D0002008800220207013E0088841F2B8
:10541000883188420ED304202070FFF79EFF09E0F8
:105420002078022806D10888C82803D303202070DA
:10543000FFF793FF207800F016FC10BD1CB56946FD
:105440000220FDF710FE00285AD0FFF78AFF00283F
:1054500002D00120724908709DF80000A52805D1EE
:105460007348C179A52901D000218173704B9DF843
:105470000000997B1944C871987B401C9873987BF5
:1054800007283DDBD879A52832D10020D873002128
:1054900006E0DA7B03EB0100C0798218DA73491C5D
:1054A0000629F6DBD87B597B884218D1187A022866
:1054B0000CD1587A997A51EA00211982D87A197B4D
:1054C00051EA002159820120564908700020987342
:1054D00007210022DC1D2000FDF7A6F910E00020C6
:1054E000987307210022DC1D2000FDF79DF907E0DD
:1054F0000020987307210022DC1D2000FDF794F99D
:1055000013BD70B504000D00434E3078002805D05F
:1055100048494948FFF703FF00203070FFF721FF9B
:10552000002806D00024002542494348FFF7F7FE33
:1055300025E0FFF7CFFE002806D1002400253D49D5
:105540003D48FFF7ECFE1AE03A4E31003A48FFF7CB
:10555000EBFEB6F90000B0F5FA6F02DA092000F0B0
:1055600025FBB6F90010200000B2FFF7C2FE0400D0
:10557000B6F90010280000B2FFF7BBFE05002C4969
:10558000A520087001204870200000B20012887029
:10559000CC70280000B2001208714D710020887193
:1055A000002204E08B79885CC3188B71521C062A98
:1055B000F8DB07220220FDF739FD70BD80B51C49DC
:1055C000A520087002204870002088700020C87054
:1055D0000020087100204871A7208871072202204E
:1055E000FDF724FD01BD38B507210022104C250030
:1055F0002800FDF719F907210022E51D2800FDF715
:1056000013F90020A0730020E073002060820020C6
:10561000208231BD00000000B4100228B110022821
:10562000B2100228B31002288E100228E4AE08102F
:10563000A00E022890100228B510022880B502237F
:1056400002225FF4E1210220FDF702FF0121022086
:10565000FDF7B0FDFFF7C7FF00210020FFF751FF66
:10566000FFF7ACFF01BD0000FAEE020A30EE200A9F
:10567000DFF81403D0ED010A80EE200A7047000025
:10568000DFED500A30EE200ADFF8FC02D0ED010A0F
:1056900080EE200A70470000DFED4B0A30EE200A52
:1056A000DFF8E402D0ED010A80EE200A7047000026
:1056B00003E0DFED460A30EE200ADFED450AB4EEE6
:1056C000600AF1EE10FAF4DADFED420AB4EE600A95
:1056D000F1EE10FA04D5DFED400A30EE200AF3E7D0
:1056E0007047DFF8A802002101600021416000211D
:1056F0008160DFF89C0200210160002141600021EF
:105700008160DFF890025FF07E510160002141600E
:10571000002181600021C160DFF87C02002101606E
:1057200000214160002181600021C16000210161F0
:1057300000210175DFF8640200210160DFF86002DA
:1057400000210160DFF85C02002101607047000069
:105750009FED223ADFED223ADFF8300290ED004A69
:1057600024EE234A00EE034A80ED004A90ED010A40
:1057700020EE230A00EE830A80ED010A90ED020A72
:1057800020EE230A01EE030A80ED020ADFF8000290
:1057900090ED000A20EE230A01EE830A80ED000A54
:1057A00090ED010A20EE230A02EE030A80ED010AC1
:1057B00090ED020A20EE230A02EE830A80ED020A2F
:1057C000704700006666C640CDCCCC3E0000B4C336
:1057D00001003443000034C30000B443CCCCCC3EC1
:1057E0009A99193F38B52DED028B6F48B0F900003A
:1057F00000EE100AF8EEC02A6C48B0F9000000EE86
:10580000100AB8EEC02A6A48B0F9000000EE100A8B
:10581000F8EEC01A6748B0F9000000EE100AB8EEC2
:10582000C01A6548B0F9000000EE100AF8EEC00A90
:105830006248B0F9000000EE100AB8EEC00AFFF7A7
:1058400087FF5F4C5048514991ED000AF2EE0E0A75
:1058500030EE200ADFED450A20EE200AD0ED000AE6
:1058600080EE200A84ED030A91ED010ADFED400A83
:1058700030EE200ADFED3F0A20EE200AD0ED000ACC
:1058800080EE200A84ED040A91ED020AF3EE0E0A7E
:1058900030EE200ADFED380A20EE200AD0ED000AB3
:1058A00080EE200A84ED050A9FED348A384D95ED8F
:1058B000000AFFF7D9FE20EE080A84ED000A95EDF4
:1058C000010AFFF7DDFE20EE080A84ED010A95EDDE
:1058D000020AFFF7E1FE20EE080A84ED020A2D48D5
:1058E0003849CA6802600A6842604A68826089680A
:1058F000C160294C344890ED000AB1EE400A84EDB5
:10590000010A324800682060314890ED000AB1EE8B
:10591000400AFFF7CDFE84ED020A94ED020AD4EDB1
:10592000030A30EE600ADFED160AB4EE600AF1EE0B
:1059300010FA03D5207D401C20750FE094ED020A7B
:10594000D4ED030A30EE600ADFED0E0AB4EE600A11
:10595000F1EE10FA02DB207D401E207560682061A8
:10596000A068E060BDEC028B31BD0000E71A803F0B
:10597000000054C2FF5A803FCEA77E3F35FA8E3CCE
:105980000000AFC30100AF431C0F0228040F022820
:10599000100F0228C80E0228440E022834100228D4
:1059A000381002283C100228961002289410022871
:1059B000921002289C1002289A100228981002289F
:1059C0005C0E0228D80E02286C10022870100228E3
:1059D0007410022880B501211D4A11701D490870FC
:1059E0000021002000F0A3F80021012000F09FF822
:1059F0000021022000F09BF8022000F0D7F80320DD
:105A000000F0DBF8042000F0DFF800210020FFF7B1
:105A100078FD00F0F7FCFFF7CFFB01BD80B50C4827
:105A20000078002801D0012011E0002000F06EF87D
:105A300000280BD1012000F069F8002806D10220CF
:105A400000F064F8002801D1012000E0002002BD30
:105A5000B6100228B71002283F2108407047010005
:105A6000C9B20A2901DB002000E0C0B270472DE96D
:105A7000F8435C4CA579E679277A94F80980D0211F
:105A8000DFF864914A4601290EDB12F01F0041182D
:105A9000BFF34F8F55480260203220390129F9DACF
:105AA000BFF34F8FBFF36F8F99F8C30000281BD14E
:105AB0000F20C9F8C800002089F8C200012089F829
:105AC000C300D0214A4601290EDB12F01F00411805
:105AD000BFF34F8F45480260203220390129F9DA9F
:105AE000BFF34F8FBFF36F8FD9F8C800FFF7B4FF34
:105AF000206099F8C100207199F8C2006071A57109
:105B0000E671277284F80980BDE8F18310B50400BE
:105B10002000C0B2062801DB002007E0FFF7A7FF46
:105B200030480068E04010F00100C0B210BD38B548
:105B300004000D002000C0B2062830DAFFF797FFFE
:105B4000EDB2002D07D027480168012212FA04F4B3
:105B50000C43046007E023480168012212FA04F4B0
:105B600031EA04040460204C1E480068FFF774FF0B
:105B7000C4F8C800012084F8C300D02101290EDB3D
:105B800014F01F004118BFF34F8F184804602034F1
:105B900020390129F9DABFF34F8FBFF36F8F31BD81
:105BA00080B5FFF764FF0F48007902BD80B5C0B231
:105BB000FFF755FF0B49887101BD80B5C0B2FFF7F3
:105BC0004EFF0849C87101BD80B5C0B2FFF747FF5D
:105BD0000449087201BD80B5C0B2FFF740FF01491A
:105BE000487201BD900702280012002870EF00E003
:105BF0005FF0FF3041F6FF71704710B40020D022F3
:105C0000DFF878341C00012A0FDB14F01F018A181A
:105C1000BFF34F8FDFF868140C602034203A012A5C
:105C2000F8DABFF34F8FBFF36F8F93F8C4100029DA
:105C300016D00120002183F8C410D022012A0FDBE6
:105C400013F01F018A18BFF34F8FDFF834140B6075
:105C50002033203A012AF8DABFF34F8FBFF36F8F5A
:105C6000C0B210BC7047DFF81C2482F88C004FF4DF
:105C7000A27101290FDB12F01F004118BFF34F8FF3
:105C8000DFF8FC030260203220390129F8DABFF383
:105C90004F8FBFF36F8F7047F8B54FF4A27529008F
:105CA0000022DFF8E06334002000FCF7BDFDD021C6
:105CB0000022DFF8C84327003800FCF7B5FDDFF805
:105CC000C80300682060DFF8C40300686060DFF884
:105CD000C0030068A060DFF8BC030068E060DFF884
:105CE000B80300682061DFF8B40300686061DFF882
:105CF000B0030068A061DFF8AC030068E061DFF882
:105D0000A80300682062DFF8A40300686062DFF87F
:105D1000A0030068A062DFF89C030068E062DFF87F
:105D2000980300682063DFF8940300686063DFF87D
:105D300090030068A063DFF88C030068E063DFF87D
:105D4000880300682064DFF8840300686064DFF87B
:105D500080030068A064DFF87C030068E064DFF87B
:105D6000780300682065DFF8740300686065DFF879
:105D700070030068A065DFF86C030068E065DFF879
:105D8000680300682066DFF8640300686066DFF877
:105D900060030068A066DFF85C030068E066DFF877
:105DA000580300682067DFF8540300686067DFF875
:105DB00050030068A067DFF84C030068E067DFF875
:105DC00048030068C4F88000DFF840030068C4F8A6
:105DD0008400DFF83C030068C4F88800DFF834036F
:105DE0000068C4F88C00DFF830030068C4F8900045
:105DF000DFF828030068C4F89400DFF82403006883
:105E0000C4F89800DFF81C030068C4F89C00DFF8B1
:105E100018030068C4F8A000DFF810030068C4F895
:105E2000A400DFF80C030068C4F8A800DFF804033E
:105E30000068C4F8AC00DFF800030068C4F8B000E4
:105E4000FFF7D6FEC4E92E01012084F8C0000F2020
:105E5000C4F8C800002084F8C200012084F8C30000
:105E6000012D0EDB16F01F004519BFF34F8F84483C
:105E700006602036203D012DF9DABFF34F8FBFF3C6
:105E80006F8FD02101290EDB14F01F004118BFF3E2
:105E90004F8F7B480460203420390129F9DABFF3A1
:105EA0004F8FBFF36F8FF1BD7649A448026B0A6034
:105EB000C26A4A60806A8860A148028A8A81408AF0
:105EC000C881A048008808829F48008848829F486F
:105ED00090ED000BB7EEC00B81ED050A90ED020BC3
:105EE000B7EEC00B81ED060A4269CA61806908629B
:105EF000974800684862974800688862964800683A
:105F0000C8629648006808639548006848639548E9
:105F10000068886394480068C8639448006808640F
:105F20009348006848649348006888649248006811
:105F3000C8649248006808659148006848659148BF
:105F40000068886590480068C865904800680866E1
:105F50008F48006848668F48006888668E480068E9
:105F6000C8668E48006808678D48006848678D4895
:105F7000006888678C480068C8678C480068C1F86A
:105F80008000002008E001EB8002894B53F82030AC
:105F90001B68C2F89030401C2D28F4DBD1F8840037
:105FA000401CC1F884008348827981F88820C27936
:105FB00081F88920027A81F88A20407A81F88B0062
:105FC0004FF4A272012A0EDB11F01F008218BFF3FA
:105FD0004F8F2B4801602031203A012AF9DABFF3B4
:105FE0004F8FBFF36F8F704780B5FFF7D9FD02BDAC
:105FF00030B5D021214C220001290EDB12F01F0008
:106000004118BFF34F8F1E4802602032203901290A
:10601000F9DABFF34F8FBFF36F8F94F8C0000128F8
:106020002AD100250DE0D4E92E012A0000F06CFAF7
:10603000C00705D554F825005D4951F825100860C2
:106040006D1C2D2DEFDB00200021C4E92E01002066
:1060500084F8C000D02101290EDB14F01F00411884
:10606000BFF34F8F06480460203420390129F9DA44
:10607000BFF34F8FBFF36F8F30BD000000120028B9
:1060800070EF00E000100028A0AF0810A4AF0810C7
:10609000A8AF0810ACAF0810B0AF0810B4AF08102C
:1060A000B8AF0810BCAF0810C0AF0810C4AF0810DC
:1060B000C8AF0810CCAF0810D0AF0810D4AF08108C
:1060C000D8AF0810DCAF0810E0AF0810E4AF08103C
:1060D000E8AF0810ECAF0810F0AF0810F4AF0810EC
:1060E00008B008100CB0081010B0081014B0081058
:1060F00018B008101CB0081020B0081024B0081008
:1061000028B008102CB0081030B0081034B00810B7
:1061100038B008103CB0081040B0081044B0081067
:1061200048B008104CB0081050B00810F8AF081074
:10613000FCAF081000B0081004B008105C0C022876
:10614000A00E02288610022888100228D00D0228EE
:106150004C0F0228500F0228540F0228580F022813
:106160005C0F0228600F0228400F02283C0F022813
:106170007C0F0228800F0228840F0228880F022833
:106180008C0F0228240F02284010022878070228CA
:106190007C07022880070228840702288807022833
:1061A0008C07022844100228481002284C100228AC
:1061B00054A808109007022880B50021002000F0A4
:1061C00004F800208249086001BD824A1070824AAA
:1061D0001170C0B2814908607047814908708149D7
:1061E000087000208049088000208049088070479E
:1061F000B0F5967F02DA4FF4967006E040F2B141B6
:10620000884202DB4FF49660FFE7704738B5FFF72E
:10621000EFFF040040F2DC552D1B21001420FBF79A
:10622000C4FF21001020FBF7C0FF29001120FBF75D
:10623000BCFF29000E20FBF7B8FF31BDE0B56A4670
:1062400001A90020FEF7B8FE019901F2DC51009887
:10625000091A022091FBF0F0FFF7D8FF07BD80B5C7
:106260005F480078002804D0022000F028F80020C1
:1062700015E001205649086001210120FFF7A5FF24
:1062800000210020FFF73DF959480168491C0160D1
:10629000012000F014F80120FFF79FFF012002BD4C
:1062A0004F480078002801D0012000E00020C0B253
:1062B00070474848007870474748007870474D4914
:1062C0000870704738B5464B1A78002A06D100206E
:1062D0004449087000204549088074E0424C2288F7
:1062E000521C22802288414D2A801A78012A07D028
:1062F00064D3032A20D014D3052A4CD02DD35DE0DB
:10630000002202603C4A0A60D1ED000A90ED000ACA
:10631000FFF794FF2088322802D30220FFF75DFFA9
:1063200051E04FF49660FFF771FF2088822802D376
:106330000320FFF752FF46E0304A02602E4A0A600F
:10634000D1ED000A90ED000AFFF778FF2088502871
:1063500002D30420FFF741FF35E09FED1B0A80EDDB
:10636000000A81ED000AD1ED000A90ED000AFFF766
:1063700065FF234890ED050AF7EE000AB4EE600AC7
:10638000F1EE10FA03DA2088B0F5167F02D305206B
:10639000FFF723FF17E0002202600C4A0A60D1EDEC
:1063A000000A90ED000AFFF749FF2088322804D345
:1063B000FFF702FF0020FFF710FF04E0FFF7FCFEED
:1063C0000020FFF70AFF31BDCDCC4C3D0AD7233D5D
:1063D000740F0228A6100228A7100228700F0228A6
:1063E000A5100228A81002288C1002288A10022862
:1063F000DC0F0228A91002288FC2F53C0AD7233CE3
:106400005C0C022880B5FFF7D7FE0020FFF7E5FE01
:106410000020FFF754FF01BD52EC101AB0EEC00A85
:10642000C80F49005200F0EEE00A28BF0C3011F10D
:10643000807F38BF12F1807F0CD28A4238BF80F053
:106440000400124214D034BF80EE800A80EE200A8D
:1064500000F06AB811F1807F08BF80F0040098BF97
:1064600012F1807F08D88A4214BF00224FF07E527A
:1064700000EE102A00F058B86FF0004100EE101A3C
:1064800070470000B5EEC00AF1EE10FA02D4B1EE8A
:10649000C00A70476FF0004C00EE10CAAFF30080E6
:1064A0007047000010EE101A04204FF07E5201EEEB
:1064B000902A490088BF0820490800EE101A91422E
:1064C00014D871EEC00A0F4A31EE801A914261EE83
:1064D000200AF1EEE00A05D980F0040080EE800A7F
:1064E00000F022B880EE200A00F01EB8490011F139
:1064F000807F9CBF6FF0004100EE101AAFF3008068
:1065000070470000F404353FD2B2203A22BF21FA8E
:1065100002F0002170472032D141D04048409140E4
:10652000D1404840704700001AA210EE101A43F202
:10653000A40CC3F6896CF2EC060A614509DB00EE97
:10654000803A70EE800A83EE200A40F0020010EEDE
:10655000101A4900D1F1E6410BD860EE000A20EE96
:10656000203A03EE010A01EEA02A42EE202A80EE34
:10657000220A400810F0020F18BFB1EE400A02EBE9
:106580008002D2ED000A30EE200A28BFB1EE400AA8
:1065900070470000D7B3DD3F6AD5033F2B94A93D78
:1065A000B82A593F0000803F000080BF0000000073
:1065B000920A063FDB0FC93F920A863FDB0FC93FB5
:1065C000920A0640DB0F4940368D2740D0F8080379
:1065D000C005C00D704710F541710A6852F4803251
:1065E0000A6010F541710A6832F480320A60D0F80E
:1065F00004037047C0F840127047D0F80802C00585
:10660000C00D7047D0F80802C0F3C030704738B5ED
:1066100005002800FFF7F1FF04002800FFF7F2FF54
:106620000419002C01D1012000E00020C0B232BDCD
:106630000068C0F38130002801D1802000E04020B4
:106640007047016851F000410160704720300268D6
:1066500061F39B620260704780B5FFF7B7FF02BD30
:1066600080B5FFF7B8FF01BD022801D3012010E07B
:106670000B00DBB2042B01DB01200AE0DFF8203540
:1066800003EB8000C9B2405C824201D3012000E0EC
:1066900000207047F8B504000F0015001E00022C02
:1066A00001D301202AE02A003900C9B22000FFF7F7
:1066B000DBFF012801D1012020E006983900C9B292
:1066C00002291ED1B6F5803F19D2202817D24FF4E7
:1066D000C052DFF8D01463030B4403EB850313446B
:1066E0001F6866F317271F606403214401EB8501CF
:1066F00011440A6860F3C7020A600020F2BD01205D
:10670000FCE7FFB2032F1FD1B6F1807F1AD22028F9
:1067100018D24FF4E052DFF88C1463030B4403EB00
:10672000850313441F6807F0FF0757EA06271F6019
:106730006403214401EB850111440A6860F3C70238
:106740000A60DAE70120D9E70120D7E700B200129A
:10675000C0B27047F8B505000E001700280000B25F
:10676000FFF7F4FF04002000C0B2022801D301208B
:1067700024E03A003100C9B22000C0B2FFF774FF34
:10678000012801D1012019E0DFF818142000C0B25F
:10679000400308442A00D2B200EB8200D0F8000C7B
:1067A000F6B266F3092067F30700E4B264032144FC
:1067B000EDB201EB8501C1F8000C0020F2BD70B50F
:1067C00004000D001600022C01D301201DE0320050
:1067D0002900C9B22000FFF747FF012801D101209D
:1067E00013E0DFF8C0136003085850F0004050F089
:1067F000407050F47F00EDB265F3092066F30700A6
:106800006203885064030859002070BD0100C02055
:10681000C9B2002905D0022907D004D3032906D024
:1068200006E0122004E0622002E07A2000E01A2054
:10683000C0B270470100C020C9B2002905D00229AA
:1068400007D004D3032906D006E0112004E061201C
:1068500002E0792000E01920C0B270470100C0209A
:10686000C9B2002905D0022907D004D3032906D0D4
:1068700006E0102004E0602002E0782000E018200C
:10688000C0B270470100C020C9B200290BD0022954
:106890000DD00AD304290ED00BD306290FD00CD368
:1068A00007290ED00EE013200CE014200AE063202C
:1068B00008E0642006E07B2004E0292002E01B20A1
:1068C00000E01C20C0B2704701000020C9B20029BE
:1068D00005D0022907D004D3032906D006E01320EF
:1068E00004E0132002E0132000E01320C0B2704740
:1068F00001000020C9B2002905D0022907D004D325
:10690000032906D006E0132004E0132002E0132040
:1069100000E01320C0B2704701000020C9B2002976
:1069200005D0022907D004D3032906D006E013209E
:1069300004E0132002E0132000E01320C0B27047EF
:1069400001000020C9B200290BD002290DD00AD3C2
:1069500004290ED00BD306290FD00CD307290ED053
:106960000EE013200CE013200AE0132008E01320AF
:1069700006E0132004E0132002E0132000E01320BF
:10698000C0B27047C9B2082902D0102946D096E09B
:10699000DFF800140200D2B251F82220126832F45B
:1069A00040420300DBB251F823301A600200D2B239
:1069B00051F82220D2F80022520952010300DBB222
:1069C00051F82330C3F800220200D2B251F822203D
:1069D000D2F8002252F007020300DBB251F8233054
:1069E000C3F800220200D2B251F82220D2F80023CC
:1069F000520952010300DBB251F82330C3F80023DF
:106A00000200D2B251F82220D2F8002352F007023D
:106A1000C0B251F82000C0F8002350E0DFF8741332
:106A20000200D2B251F82220126832F44042030030
:106A3000DBB251F823301A600200D2B251F82220A2
:106A4000126852F480420300DBB251F823301A601E
:106A50000200D2B251F82220D2F80022520952018B
:106A60000300DBB251F82330C3F800220200D2B297
:106A700051F82220D2F8002252F00F020300DBB2BC
:106A800051F82330C3F800220200D2B251F822207C
:106A9000D2F80023520952010300DBB251F823302F
:106AA000C3F800230200D2B251F82220D2F800230A
:106AB00052F00F02C0B251F82000C0F80023704716
:106AC0002DE9F04104000F00160008212000C0B29B
:106AD000FFF758FFDFF8C0522000C0B2285C08283A
:106AE0000FD02000C0B2285CC010DFF8B01211EB4C
:106AF000C01101202200D2B2AA5C12F0070290401D
:106B00000860DFF89082FFB239002000C0B258F868
:106B10002000FFF76FFD2000C0B258F82000FFF7FB
:106B200087FD07002000C0B258F82000FFF765FD80
:106B30008742F0D0F6B231002000C0B258F82000F1
:106B4000FFF758FD2000C0B258F82000FFF770FD95
:106B500006002000C0B258F82000FFF74EFD864224
:106B6000F0D02000C0B258F82000FFF750FD0028F8
:106B7000F7D02000C0B2285C08280ED02000C0B298
:106B8000285CC010DFF8181211EBC0110120E4B22C
:106B90002A5D12F0070290400860BDE8F081000015
:106BA000DCAE081000000440F8B504000D00002021
:106BB00008212000C0B2FFF7E5FE774E2000C0B2EA
:106BC000305C08280ED02000C0B2305CC010734981
:106BD00011EBC01101202200D2B2B25C12F0070208
:106BE000904008606B4F2000C0B257F82000FFF7BC
:106BF00033FD002805D02000C0B257F82000FFF771
:106C00002FFDEDB229002000C0B257F82000FFF799
:106C1000F1FC2000C0B257F82000FFF71DFD00284E
:106C2000F7D02000C0B257F82000FFF719FD00216F
:106C30002000C0B257F82000FFF7DCFC2000C0B2F3
:106C400057F82000FFF7E3FC0028F7D02000C0B27F
:106C500057F82000FFF700FD0028F7D02000C0B251
:106C600057F82000D0F840032100C9B2715C082910
:106C70000ED02100C9B2715CC910DFF8242112EBDB
:106C8000C1120121E4B2335D13F007039940116092
:106C9000C0B2F2BD2DE9F84380460D0016001C007D
:106CA00008214046C0B2FFF76DFE3B4F4046C0B2E0
:106CB000385C08280ED04046C0B2385CC010374956
:106CC00011EBC01101204246D2B2BA5C12F00702A9
:106CD00090400860DFF8BC904046C0B259F82000F0
:106CE000FFF7BAFC002805D04046C0B259F8200092
:106CF000FFF7B6FCEDB229004046C0B259F82000BB
:106D0000FFF778FC4046C0B259F82000FFF7A4FC1A
:106D10000028F7D04046C0B259F82000FFF7A0FC89
:106D200000214046C0B259F82000FFF763FC4046FE
:106D3000C0B259F82000FFF76AFC0028F7D040469F
:106D4000C0B259F82000FFF787FC0028F7D0404672
:106D5000C0B259F82000D0F840033070761C641E91
:106D6000002CDDD14046C0B2385C08280FD0404628
:106D7000C0B2385CC0100A4911EBC01101205FFAA3
:106D800088F817F8082012F0070290400860BDE864
:106D9000F18300004C0802287810022804003140DA
:106DA000080031402DE9F84F2DED028B9EB0060012
:106DB0000F009946042080B202FB00F2A848B0FB05
:106DC000F2F8A74802FB180000EE100AB8EE400BDC
:106DD00001EE102AB8EE411B80EE010BBFEEED0B69
:106DE00010EE100B08EE100A3421002201AC200036
:106DF000FBF71AFD3C2100220EAC2000FBF714FD2E
:106E000030004946C0B2C9B2884201D1012000E039
:106E100000202A9DDFF84CA240F299325146C0B2C0
:106E2000FBF772FC48462900C0B2C9B2884201D1C2
:106E3000012000E000202B9C40F29A325146C0B263
:106E4000FBF762FC062002902800C0B2FFF750FD5D
:106E50008DF80C002800C0B2FFF7ECFC82465FF012
:106E6000080B2800C0B2FFF7E5FC7F4D01AA9AFB92
:106E7000FBF10BFB11AA5146C0B2C010C00128445F
:106E8000FBF791FD062002904846C0B2FFF71CFDBB
:106E90008DF80C004846C0B2FFF7B8FC82465FF0A0
:106EA000080B4846C0B2FFF7B1FC01AA9AFBFBF100
:106EB0000BFB11AA5146C0B2C010C0012844FBF719
:106EC00072FD2000C0B204281ED0082002902000CD
:106ED000C0B2FFF721FD8DF80C002000C0B2FFF713
:106EE000BDFC81465FF0080A2000C0B2FFF7B6FC87
:106EF00001AA99FBFAF10AFB11994946C0B2C010E8
:106F0000C0012844FBF74FFD2C9C2000C0B208288C
:106F10001ED0062002902000C0B2FFF711FD8DF8B0
:106F20000C002000C0B2FFF7ADFC81465FF0080AFC
:106F30002000C0B2FFF7A6FC01AA99FBFAF10AFBF8
:106F400011994946C0B2C010C0012844FBF72BFD7F
:106F50003000C0B2032803D23000C0B2401C00E0B1
:106F600000203200D2B2D21D032110F58F7000B282
:106F7000FFF7F0FB3000C0B2032803D23000C0B2EC
:106F8000401C00E0002010F58F7000B2FFF7DEFB20
:106F90008DED008AB8F1010843463200D2B2D21D0D
:106FA0000321C0B2FFF776FB3000C0B2032803D242
:106FB0003000C0B2401C00E0002010F58F7000B21D
:106FC000FFF7C4FB3200D2B2D21D0321C0B2FFF7DB
:106FD000F6FBFFB2002F05D0022F09D005D3032FF7
:106FE00009D00AE00020109007E00120109004E092
:106FF0000220109001E00320109001200E9000204C
:107000000F90042011900820129008201390012066
:107010008DF8500001208DF85300104D00220EA96C
:107020003000C0B255F8200000F020F800213000F8
:10703000C0B255F82000FFF709FB3000C0B255F888
:107040002000FFF7FEFA0448F6B284551EB0BDECEE
:10705000028BBDE8F18F0000781002284C0802284E
:1070600000B4C404B0AB0810000031402DE9F04179
:10707000DFF8D0311C00DFF8D051D5F800C0DFF8C0
:10708000CC512D68DFF8C8613668DFF8C8713F68F9
:107090005FF0000E5FF0000E002800F0D0800029A5
:1070A00000F0CD804C68002C01D18C6805E04C6864
:1070B000022C01D1002400E00224D1F810E0D1F824
:1070C0001480C64502D3D1F810E001E0D1F814E0F5
:1070D000BEF1090F08D23CF4404C91F82130002B4E
:1070E00012D05CF4807C11E0BEF1110F03D20123B9
:1070F00063F38F3CF1E7BEF1210F03D2022363F368
:107100008F3CEAE718009BE03CF4807CCB685B1E78
:1071100013F00F035FEA1C1C5FEA0C1C53EA0C0C13
:10712000012363F3196CC0F800C00B7F002B01D062
:10713000002300E0012363F300054B681B0963F3A0
:107140004105CB7E63F304154B7E63F345150B6855
:10715000012B01D1012300E0002363F3DF7523003D
:107160005B0863F3820564F3C3054B7F63F3082573
:107170008B7F63F34925CB7F63F38A2591F8203019
:1071800063F3CB250B7913F0030363F319650562F1
:107190000B7E63F308278B7E63F349270B695B1E25
:1071A00013F01F037F097F011F43C0F8007391F89C
:1071B000243003F0FF0310F5417425682D0A2D02D9
:1071C0002B4323600B7E63F308264B695B1E13F091
:1071D0001F03760976011E43C0F8006291F82C3037
:1071E00003F0FF0310F5017425682D0A2D022B43CF
:1071F00023600B6BC0F8883F8B6AC0F8C83F91F8DA
:10720000383010F57064256863F34925256091F8DE
:10721000391010F574631C6861F3CB241C600021E5
:10722000C0F8C81E002A09D000201060002090611C
:107230000020D0600020D0610748106200242000A8
:10724000BDE8F0810140AA002CAF081030AF081053
:1072500034AF081038AF0810EFCDAB00DFF8C41121
:107260000868C0F34000002801D0022002E008684E
:1072700010F001007047DFF8B001006810F0010065
:1072800070470000C21E022A01D3012002E0C01E86
:107290000860002070471CB5FF246946FFF7F2FF25
:1072A000C0B2002802D02000C0B207E0DFF8FC0125
:1072B000009950F8210010F00100C0B216BD000086
:1072C000002801D0032801D3012002E0401E0860FD
:1072D000002070471CB5FF246946FFF7F1FFC0B2DC
:1072E000002802D02000C0B208E0DFF8C4010099F5
:1072F00009010844C06810F00100C0B216BD0000CA
:10730000DFF8BC010068800810F00100704738B554
:1073100004002000C0B2082811D3DFF898511822C9
:10732000DFF89411280000F00DFC0020E87540F60D
:107330005B00DFF888110860002000F03BFCDFF8FC
:10734000CC112000C0B251F82000C0F3002000286A
:1073500005D0E4B251F8240010F00F0000E0FF2047
:1073600032BD38B504002000C0B2082811D3DFF8C0
:1073700044511822DFF84011280000F0E3FB002000
:10738000E8754FF40960DFF834110860002000F060
:1073900011FCDFF87801E4B250F82400C0F30110CA
:1073A000C0B232BDDFF868211368C3F3072303605E
:1073B0001068C0F3C40008607047DFF858211368F4
:1073C000C3F3072303601068C0F3C400086070476C
:1073D00038B50400072C11D3DFF8D8501822DFF895
:1073E000C411280000F0AEFB0020E8754FF4CE7009
:1073F000DFF8C8100860002000F0DCFBDFF8A00117
:1074000050F8240010F00700010009B2042907D148
:10741000DFF8880150F8240010F01F0050F480704D
:1074200000B232BD2415264040152640DFF8B012C8
:1074300009688A03920B0260090E11F00101C17103
:10744000DFF8A01209680A00D204D20C82800A0078
:10745000120C02F0FF020281090C01F0FF014181D0
:10746000DFF84411096811F00F0202730A00C2F339
:10747000031242730A00120AD204D20CC281090F0D
:1074800011F003010174DFF8641309680A00120A9D
:1074900012F0070282710A00120CD205D20D42824C
:1074A000890F11F001010175704700004016264058
:1074B000001926402C0E02280CAA0810B80F02282A
:1074C000100027401CB50C006946FFF7DBFE0100E9
:1074D000C9B2002901D0C0B217E0DFF8B4040099A6
:1074E00050F8210010F07F012160C0F30421616099
:1074F000C0F30441A1600100090F11F003016173A1
:10750000C00E10F001002073002016BD401226406E
:1075100008002040080420401CB50C006946FFF715
:10752000CFFE0100C9B2002901D0C0B235E0DFF8BA
:10753000101500980001085800F0FF022260C0F307
:1075400004226260C0F30442A260000F10F0030046
:10755000207300980001084442681000C00F607357
:10756000C2F30270002801D0012000E00020A073C7
:1075700022F07F42226100980001084480680100E7
:10758000C90F21750100090E11F001016175A07587
:10759000000C10F00700E075002016BD0001264029
:1075A000001226405CAA08103815264080B501005C
:1075B000DFF868051822F9F781FD0120DFF8601572
:1075C0000870002002BDDFF85C150968C90F0029AA
:1075D00008D0DFF84C150978002907D10021016097
:1075E00003207047002101600320FAE7DFF82C1523
:1075F000096801600020F4E710B50400FFF72EFED3
:10760000002803D10020206003200DE0DFF81005E2
:107610000078002805D0DFF804058068206000208D
:1076200002E000202060032010BD0000DFF8F0140D
:107630000978002905D0DFF8E414496801600020CA
:1076400002E00021016003207047DFF8DC140968C4
:10765000C90F002908D0DFF8C8140978002907D11C
:107660000021016003207047002101600320FAE738
:10767000DFF8A814C96801600020F4E7DFF8AC1453
:107680000968C90F002908D0DFF894140978002987
:1076900007D1002101600320704700210160032011
:1076A000FAE7DFF87814096901600020F4E710B503
:1076B0000400FFF725FE002803D1002020600320EE
:1076C0000DE0DFF85C040078002805D0DFF84C04FA
:1076D00040692060002002E000202060032010BDEF
:1076E000301526403415264010B50C00C0B2FFF707
:1076F0006FFE00280ED0012810D0022812D0B0F55D
:10770000887F13D040F21111884213D0B0F58A7FE0
:1077100014D017E02000FFF756FF16E02000FFF717
:1077200085FF12E02000FFF767FF0EE02000FFF763
:107730008CFF0AE02000FFF7BAFF06E02000FFF709
:107740009DFF02E000202060032010BD80B50100F5
:107750000020FFF7C9FF02BD80B50322D2B28242EA
:1077600003D200200860012003E0401CC0B2FFF7F4
:10777000BBFF02BD18B587B004006846FFF7E6FFFF
:107780000100C9B2002903D000212160C0B22BE062
:1077900001A8FFF74BFE9DF81400022803D10098C2
:1077A0002060002020E0DFF888030068C00F002878
:1077B00008D0FFF760FDC0B2002807D1002020608C
:1077C000032011E00098206000200DE0009901984E
:1077D0004143BDF80800B1FBF0F09DF80B10491CC7
:1077E000B0FBF1F02060002008B010BD3C15264031
:1077F000F0B58BB005000C0069462800C0B2FFF759
:10780000ABFF0100C9B2002903D000212160C0B242
:10781000BCE02800C0B202284CD307A92800C0B29F
:10782000401CFFF74FFEC0B2002811D0DFF8046300
:107830001822DFF80413300000F084F90020F075FE
:1078400040F66310DFF8F4120860002000F0B2F98F
:107850004F482900C9B200EB810050F8080CC00F56
:10786000002807D09DF82900022807D10098206041
:1078700000208BE000982060002087E0EDB26D1CB6
:107880002800FFF708FD0100C9B2002902D0C0B2EC
:10789000FF2803D100202060032077E0009907989B
:1078A00041430898B1FBF0F00999B0FBF1F020607A
:1078B00000206BE001A92800C0B2401CFFF72CFE9D
:1078C000C0B2002811D0DFF86C621822DFF868120D
:1078D000300000F037F90020F07540F67F10DFF837
:1078E0005C120860002000F065F955482900C9B213
:1078F00009014058C00F002807D09DF81000022849
:1079000007D100982060002040E00098206000200F
:107910003CE0EDB26D1C2800FFF7DCFC0100C9B2B1
:10792000002902D0C0B2FF2803D10020206003202C
:107930002CE09DF8110001281DD1009A0023019E22
:1079400000273F0647EA1627360605980021361815
:107950004F41A6FB020106FB031107FB0211029A2D
:10796000039BA3FB0223F9F713FD000E40EA01205D
:10797000090E206009E00099019841430298B1FB8B
:10798000F0F00399B0FBF1F0206000200BB0F0BDE7
:107990000016264010B50323421E0400E4B2002C5A
:1079A00003D10800FFF7E6FE0CE01400DBB2E4B2FE
:1079B000A34204D31000C0B2FFF71AFF02E0C0B226
:1079C000FFF792FE10BD38B505000C002800C0B2CC
:1079D000FFF79DFC0100C9B2FF2904D12000FFF789
:1079E000F2FDC0B21BE06946C0B2FFF7D3FF010051
:1079F000C9B2002903D000212160C0B20FE02800E5
:107A0000C0B2FFF7AEFCC0B2002805D002280BD0F0
:107A100006D303280CD00FE000982060002032BD70
:107A2000009840082060F9E7009880082060F5E79A
:107A30000098C0082060F1E7002020600320EEE7F6
:107A4000001926401FB5040002A90120FFF7BBFF63
:107A50000100C9B2002903D000212160C0B21AE0A0
:107A6000694601A8FFF79EFC01980021421C71F1B4
:107A7000FF335B0143EAD2635201009800211218E0
:107A80004B4102980021490141EAD0614001F9F7D8
:107A90007FFC2060002004B010BD1FB5040002A9C7
:107AA0000120FFF790FF0100C9B2002903D0002197
:107AB0002160C0B21AE0694601A8FFF77EFC019878
:107AC0000021421C71F1FF335B0143EAD263520192
:107AD0000098002112184B4102980021490141EA07
:107AE000D0614001F9F754FC2060002004B010BDC3
:107AF00080B5DFF84C100A68C2F303220E2A07D0C3
:107B00000968C1F303210D2905D1FFF7C6FF02BDA6
:107B1000FFF798FFFBE70120F9E70000140E0228A9
:107B2000A410022818152640081526400C152640DA
:107B3000301526402C0E02285CAA0810B80F022827
:107B40000000204001B58B071AD1830724D1121FF2
:107B500021D351F8043BA3F1013C2CEA030C1CF0A7
:107B6000803C04BF40F8043BF1E79CFA8CFCBCFA73
:107B70008CF1C1F118018B40CB4040F8043B13E07D
:107B8000042A09D311F8013B521E00F8013B5BB1F6
:107B90008B07F7D1D9E7121D5AB111F8013B521EDC
:107BA00000F8013B03B1F8D111001CBF0022FAF725
:107BB0003FFE01BD01BEFEE780B5234A23490B68A5
:107BC00093423ED00A60224A12684A62214A8A627F
:107BD00002684A6042688A608268CA60C2680A6154
:107BE00002694A6142698A618269CA61C2690A623C
:107BF000F1EE102A12F0900F23D0174A8A62026A1F
:107C0000CA62426A0A63826A4A63C26A8A63026B10
:107C1000CA63426B0A64826B4A64C26B8A64026CF8
:107C2000CA64426C0A65826C4A65C26C8A65026DE0
:107C3000CA65426D0A66826D4A66C26D8A66006ECA
:107C4000C86600F00BF801BDFAF9F8F7A40B02289A
:107C500028ED00E0A4A3A2A1ABAAA9A8FEE700001A
:107C6000022801D3012010E00B00DBB2042B01DB62
:107C700001200AE0DFF8683503EB8000C9B2405C00
:107C8000824201D3012000E000207047F8B50600D1
:107C90000F0015001C00022E01D301201DE02A0058
:107CA0003900C9B23000FFF7DBFF012801D1012004
:107CB00013E03800C0B2002812D1B4F5807F0DD295
:107CC000DFF820057603304400EB850010F5805086
:107CD000016864F30F2101600020F2BD0120FCE780
:107CE000FFB2012F11D1B4F5803F0CD2DFF8F404BC
:107CF0007603304400EB850010F5A050016864F372
:107D000017210160E8E70120E7E70120E5E700B27D
:107D10000012C0B27047F8B505000E001700280029
:107D200000B2FFF7F4FF04002000C0B2022801D324
:107D3000012024E03A003100C9B22000C0B2FFF7B0
:107D40008FFF012801D1012019E0DFF898142000ED
:107D5000C0B2400308442A00D2B200EB8200D0F83F
:107D6000000CF6B266F3092067F30700E4B264037F
:107D70002144EDB201EB8501C1F8000C0020F2BDF9
:107D800070B504000D001600022C01D301201DE087
:107D900032002900C9B22000FFF762FF012801D19B
:107DA000012013E0DFF83C146003085850F0004055
:107DB00050F0407050F47F00EDB265F3092066F397
:107DC00007006203885064030859002070BD010059
:107DD000C9B2002964D0012964D0022964D00329E2
:107DE00064D0042964D0052964D0062964D0072909
:107DF00064D0102964D0112964D0122964D01329C9
:107E000064D0142964D0152964D0162964D01729A8
:107E100064D0182964D0192964D01A2964D01C2987
:107E200064D01D2964D0202964D0242964D0252958
:107E300064D0262964D0272964D0282964D0292930
:107E400064D02C2964D02D2964D02E2964D02F2908
:107E500064D0302964D0312964D0322964D03329E8
:107E600064D0342964D0352964D0382964D03929C4
:107E700064D03C2964D03D2964D03E2964D0402997
:107E800064D0412964D0422964D0432964D0442974
:107E900064D0452964D0462964D0472964D065E080
:107EA000302063E0312061E032205FE033205DE08C
:107EB00034205BE0352059E0362057E0372055E08C
:107EC000382053E0392051E03A204FE03B204DE08C
:107ED0003C204BE03D2049E03E2047E03F2045E08C
:107EE000412043E0422041E043203FE048203DE084
:107EF00049203BE0542039E0602037E0612035E044
:107F0000622033E0632031E064202FE065202DE023
:107F100068202BE0692029E06A2027E06B2025E01B
:107F20006C2023E06D2021E06E201FE06F201DE01B
:107F300070201BE0712019E0742017E0752015E017
:107F4000782013E0792011E07A200FE090200DE0F6
:107F500091200BE0922009E0932007E0942005E0B7
:107F6000952003E0962001E09720FFE7C0B270471C
:107F700030B40100C9B249090200D2B2202392FBF9
:107F8000F3F403FB1422984BC0B21B5C5B00D3F1EB
:107F90000403964C0800C0B254F820001500EDB25E
:107FA000AD01284400F63C00056855F00105056068
:107FB0000800C0B254F82000D0F80002C00F00281A
:107FC000F6D1C9B254F82100D2B292011044D0F8CF
:107FD000240880B2184180B230BC7047F8B5040064
:107FE0000D00A02282492800C0B2FAF78DFB0027BD
:107FF000002606E02000C0B2FFF7BAFF17FA80F7AC
:10800000761C30002900C0B2C9B28842F2D3EDB26A
:10801000B7FBF5F080B2F2BDF0B597B004000D00EB
:10802000002000200020342100220AAE3000FAF7A0
:10803000FBFB082100226E463000FAF7F5FB6A4888
:108040002100C9B245542000C0B22021674D90FBE9
:10805000F1F201FB120080012100C9B2491155F86B
:108060002110084410F5006000F0BCF900200B90CE
:108070002000C0B2FFF7ABFE060008272000C0B208
:10808000FFF7A5FE0AAA96FBF7F107FB1166310080
:10809000584BC0B2C010C0011844FAF784FC062740
:1080A0005548B0FBF7F6022201212000C0B240097A
:1080B000C0B200F2231000B2FFF72DFE2000C0B2C4
:1080C0004009C0B200F2231000B2FFF720FE7F1E6D
:1080D0003B0002220121C0B2FFF7D8FD2000C0B250
:1080E0004009C0B200F2231000B2FFF710FE0222D6
:1080F0000121C0B2FFF744FE00208DF803000120EB
:108100008DF8050001208DF8060001208DF807008C
:1081100069462000C0B2401155F8200000F072F806
:108120004FF4167235480021E2FB0601344A002361
:10813000F9F72EF906002021002202AF3800FAF7E5
:1081400073FB03208DF80A002000C0B2202190FBB1
:10815000F1F201FB12008DF80D0001208DF81000E6
:10816000ADF8146001208DF80B0001208DF822007D
:108170002000C0B2202202A990FBF2F302FB130000
:1081800080012200D2B2521155F82220104410F57D
:10819000006000F07DF82000C0B2202190FBF1F2D9
:1081A00001FB120080012100C9B2491155F82110CC
:1081B000084410F5006000F02BF92000C0B2202127
:1081C00090FBF1F201FB12008001E4B2641155F85A
:1081D0002410084410F5006000F026F917B0F0BD37
:1081E000DCAE081000000440140C0228A40702288A
:1081F00030AB08100000314000B4C4040065CD1D50
:1082000000CA9A3B70B40022DFF8A4321C6800292F
:1082100039D00B7813F00F0310F110052E683609D2
:10822000360133432B604B7863F307048B78002BC4
:1082300001D0012300E0002363F30824CB7863F32B
:1082400049240B79002B01D0012300E0002363F3C4
:108250008A244B79002B01D0012300E0002363F333
:108260005D748B79002B01D0012300E0002363F3C0
:108270009E74C979002901D0012100E0002161F339
:10828000DF74046001E0DFF84422100070BC704726
:108290002DE9F84F81460C000025DFF81802D0F8D0
:1082A00000A0DFF814020668DFF810020768DFF8A4
:1082B0001002D0F80080DFF80C02D0F800B0002CDB
:1082C00000F08B80484600F0A9F85BF4806B5BF40B
:1082D000007B5BF4807B5BF0020B5BF0010B5BF0DF
:1082E000040BC9F810B0207810F007005FEADA0A32
:1082F0005FEACA0A50EA0A0A607810F0070060F3E1
:10830000061AA07810F0030060F3092AE07800282C
:1083100001D0012000E0002060F3CB2A2079002862
:1083200001D0012000E0002060F3DF7AC9F800A04E
:10833000607910F03F00B609B6010643A07910F04D
:10834000030060F38716E07910F0070060F30A2657
:10835000207A002801D0012000E0002060F3CB2625
:10836000607A10F0030060F30D36A07A10F003007D
:1083700060F38F36A0890005000D60F31B46A07BDB
:1083800060F3DF76C9F80460E07B10F00700FF08B7
:10839000FF000743207C60F38617607C60F3C717FB
:1083A000A07C60F30F27E07C10F01F0060F31447FF
:1083B000207D10F0030060F39757C9F80870E08A39
:1083C00060F30F08208B60F31F48C9F80C8014F18C
:1083D0001A01484600F02EF801E0DFF8F0502800BE
:1083E000BDE8F28FDFF8E81009684FF40062026020
:1083F0000022826351F4806151F4007151F4807164
:1084000051F0020151F0010151F004010161704786
:108410003830016851F0010101607047383001685F
:1084200049084900016070473C30016851F0010182
:108430000160704710B40022DFF88C301C680029FE
:1084400031D04B79002B01D0012300E0002363F3EE
:108450008A240B79002B01D0012300E0002363F371
:108460004924CB78002B01D0012300E0002363F3E3
:1084700008244B78002B01D0012300E0002363F394
:1084800041040B78002B01D0012300E0002363F3AB
:1084900000048978002901D0012100E0002161F366
:1084A0008204846101E0DFF82420100010BC7047D2
:1084B000ECAE0810F0AE0810F4AE0810F8AE0810DC
:1084C000FCAE081000AF081008AF08100100DA0079
:1084D00004AF081080B50A000821DFF8F0341960F5
:1084E000D2B20100C9B20220FEF7EAFA0820DFF892
:1084F000E014086001BD80B501000820DFF8CC243D
:10850000106051F08001C9B20220FEF74DFB082136
:10851000DFF8BC241160C0B202BD10B51300082200
:10852000DFF8A84422600A0050F080000100C9B2C0
:108530000220FEF7AFFB0820DFF89414086010BD9E
:10854000020012F4F841100080B2000410F0004064
:108550000B009BB2002B03D0B3F5F84F19D021E0EC
:108560009205920D13009BB2002B22D0520001E025
:108570005200491C5305FBD589B2D1F17001C905E0
:1085800092B2DFF8503413EA423309185918080040
:108590000FE092B2DFF83C1411EA4231081810F1F2
:1085A000FF4006E092B25204520C12F5E03210EB9A
:1085B000423070477FB504000D009FED8C0A28887B
:1085C000FFF7BEFF00906E466888FFF7B9FF706046
:1085D000A888FFF7B5FFB060E888FFF7B1FFF0604B
:1085E0009DED000ADDED000A20EE200AD6ED010A1D
:1085F00096ED011A00EE810AD6ED020A96ED021AF6
:1086000000EE810AD6ED030A96ED031A00EE810A08
:10861000FDF738FFDFEDA10AB4EE600AF1EE10FAC3
:1086200021DBD6ED030AF5EE400AF1EE10FA02D591
:10863000B1EE400AFFE7D6ED010AC0EE800AC4EDB4
:10864000000AD6ED020AC0EE800AC4ED010ADDED93
:10865000000AC0EE800AC4ED020AD6ED030A80EEDD
:10866000800A84ED030A7FBD2DE9F0412DED048BD6
:1086700084B004000D0016001F0094ED000AD4ED34
:10868000000A20EE208A94ED010AD4ED010A20EEC2
:10869000200AD4ED020A94ED021A60EE818AB0EE4F
:1086A000009A30EE080AF7EE000A40EE490A94ED0F
:1086B000010A94ED031A20EE010A94ED001AD4ED9C
:1086C000021A01EE210A20EE090AFDF7A5FE8DED42
:1086D000000AE84694ED000AD4ED030A20EE200AD1
:1086E000D4ED010A94ED021A00EEC10A20EE090A47
:1086F00000F094F9B1EE400A88ED010A38EE280A3C
:10870000F7EE000A40EE490A94ED000A94ED011AD2
:1087100020EE010A94ED021AD4ED031A01EE210AAB
:1087200020EE090AFDF778FE88ED020A9FED5C0A4B
:10873000DDED000A60EE800A9FED5A1AC0EE810A54
:10874000CDED000AD8ED010A60EE800A9FED551AC2
:10875000C0EE810AC8ED010AD8ED020A20EE800AB7
:10876000DFED500A80EE200A88ED020A98ED020A39
:10877000B5EE400AF1EE10FA06D598ED020ADFEDEB
:10878000920A30EE200A01E098ED020A88ED020A12
:1087900000982860D8F804003060D8F808003860E5
:1087A00004B0BDEC048BBDE8F08180B50100C9B216
:1087B0000120FFF78FFE01BD70B5002000250026C7
:1087C0003000461C80B2B0F5807F0ADA0F20FFF738
:1087D00092FE0400012000F001FAE4B2702CEFD107
:1087E00000E001252800C0B270BD000000000000BC
:1087F0003EB57948007806284ED06D468020FFF7B8
:10880000D4FF20211720FFF765FE31210220FFF75A
:1088100061FE00240CE014F14C01C9B20820FFF7FE
:1088200059FE0920FFF767FE2100C9B26854641C95
:108830002000C0B20828EEDB00211720FFF74AFE17
:108840000020FFF7B2FF6B4C69462000FFF7B2FE35
:10885000694B6A4A6A492000FFF706FF6C46062208
:1088600021002820FFF759FE20885C490880608895
:108870005B490880A0885B4908806C46062221007D
:108880002220FFF74AFE2088574908806088574910
:108890000880A0885649088037BD00007012833ACE
:1088A00000003443DA0F494080B5FFF7A1FF01BD56
:1088B0007FB505000024484805700820029002207A
:1088C00001900220009002234E4A00210220FEF770
:1088D00069FA0323012201217B2000F050FA0A20CB
:1088E00000F07CF9FFF768FF002808D04FF4D77339
:1088F000454A46490020F9F725FF01245FE004219D
:108900000120FFF7E7FD1E2000F068F94421122046
:10891000FFF7E0FD02211720FFF7DCFD3C4E3D484C
:10892000306004211520FFF7D5FD3B48706015210C
:108930001020FFF7CFFD18211120FFF7CBFD0121FB
:108940001620FFF7C7FD08211820FFF7C3FD2800F8
:10895000C0B2062833D080210E20FFF7BBFD0821CE
:108960001320FFF7B7FD30216320FFF7B3FDE91CAB
:1089700051F01001C9B21020FFF7ACFDE91C51F015
:108980001001C9B21120FFF7A5FD8020FFF70DFFF0
:10899000ED0055F043052900C9B25E20FFF79AFDAE
:1089A00002210420FFF796FD00211720FFF792FD1A
:1089B0000020FFF7FAFE0121372000F059FA2000CD
:1089C000C0B204B070BD00000000B4438407314061
:1089D0008807314000E07F00BA1002289810022872
:1089E0009A1002289C100228921002289410022843
:1089F00096100228D80E022874100228701002283F
:108A00006C10022880969800ACAA081090AD08104F
:108A10001C0F0228E11280453A92644110EE101AB0
:108A20004FF07E5201EE902AC80F31F0004120D065
:108A300000EE101A914212D871EEC00A0D4A31EEC2
:108A4000801A61EE200AF1EEE00A914286BF80F0C2
:108A5000040080EE800A80EE200AFDF765BD490023
:108A600011F1807F9CBF6FF0004100EE101AAFF350
:108A700000807047F404353F022801D301200FE045
:108A80000B00DBB2042B01DB012009E0954B03EB6B
:108A90008000C9B2405C824201D3012000E0002086
:108AA0007047F8B506000F0015001C00022E01D318
:108AB00001201CE02A003900C9B23000FFF7DCFFBA
:108AC000012801D1012012E03800C0B2002811D1E4
:108AD000B4F5807F0CD284487603304400EB8500E7
:108AE00010F58050016864F30F2101600020F2BD91
:108AF0000120FCE7FFB2012F10D1B4F5803F0BD26B
:108B000079487603304400EB850010F5A0500168E9
:108B100064F317210160E9E70120E8E70120E6E7B7
:108B200000B20012C0B27047F8B505000E00170081
:108B3000280000B2FFF7F4FF04002000C0B20228B2
:108B400001D3012023E03A003100C9B22000C0B2B5
:108B5000FFF792FF012801D1012018E062492000AF
:108B6000C0B2400308442A00D2B200EB8200D0F821
:108B7000000CF6B266F3092067F30700E4B2640361
:108B80002144EDB201EB8501C1F8000C0020F2BDDB
:108B900070B504000D001600022C01D301201CE06A
:108BA00032002900C9B22000FFF766FF012801D179
:108BB000012012E04C496003085850F0004050F08A
:108BC000407050F47F00EDB265F3092066F30700B2
:108BD0006203885064030859002070BDF8B5040092
:108BE0004FF4FA504443414D414E00212878C001D2
:108BF000304400F043FA14E02878C001304400F01B
:108C00003FFAB842F8D33B4F3C192878C0013044B2
:108C100000F036FA3F1839002878C001304400F0DF
:108C20002DFA4CF25137BC42E6D22878C0013044CC
:108C300000F026FA8442F8D2F1BD38B594B0502144
:108C400000226C462000F9F7EFFD2B4C0022012199
:108C5000B4F90000FFF768FFB4F90000FFF760FF08
:108C6000092300220121C0B2FFF71BFFB4F9000065
:108C7000FFF756FF00220121C0B2FFF789FF5FF026
:108C8000FF30009000208DF8040000208DF80500D2
:108C900000208DF8060000208DF8080003208DF8D4
:108CA00044000120129001208DF807000F4C104D58
:108CB00069462078C001284400F016F92078C001E8
:108CC000284400F0D1F900212078C001284400F0A8
:108CD000D5F92078C0012844F9F7AEFF15B030BDB2
:108CE00000000000DCAE0810000004408A080228E2
:108CF00000005940B03CFFFF84080228012212FA0C
:108D000001F181607047012212FA01F14160704760
:108D1000012212FA01F1C160704780B5C9B2002981
:108D20000ED00100C9B2082291FBF2F302FB13112D
:108D3000354AC0B2C010C0011044FFF7DFFF0DE09C
:108D40000100C9B2082291FBF2F302FB13112E4A73
:108D5000C0B2C010C0011044FFF7D5FF01BD80B5FF
:108D60000100C9B2082291FBF2F302FB1311264A5B
:108D7000C0B2C010C0011044FFF7CAFF01BD2DE909
:108D8000F8418DB004000E0015001F0034210022B0
:108D9000E8464046F9F748FDF6B2002E0ED1FFB284
:108DA000002F02D0022F03D005E00F2001900DE02C
:108DB000082001900AE00820019007E0FFB2042F8C
:108DC00002D10F20019001E00E2001902000C0B2DE
:108DD000C0280FD02100C9B208206A4691FBF0F3E9
:108DE00000FB131108482300DBB2DB10DB01184441
:108DF000F9F7D9FD2900C9B22000C0B2FFF78DFFF5
:108E00000EB0BDE8F081000000003140426901224F
:108E100012FA01F1416140697047C069C84010F021
:108E20000100704770B5040000262100C9B2082077
:108E30002B4D91FBF0F200FB12112000C0B2C010CC
:108E4000C0012844FFF7E9FF00280ED02100C9B275
:108E5000082091FBF0F200FB1211E4B2E410E401EF
:108E600005EB0400FFF7D2FF01263000C0B270BD51
:108E700078B58FB004000D003421002202AE30001E
:108E8000F9F7D2FC08200390EDB205950120069079
:108E90002100C9B2082002AA91FBF0F300FB1311D4
:108EA0000F482300DBB2DB10DB011844F9F77BFD30
:108EB0002000C0B2C008C0B21630ADF800000720D4
:108EC000ADF8020001208DF8040003220548E4B249
:108ED000E41050F824106846FAF71EFC10B070BD7C
:108EE00000003140B007022810B4012291F84C3044
:108EF000052B03D291F84D30052B01D31000A7E0CC
:108F0000002800F0A480002900F0A180514A1268D6
:108F10004B7963F392428B7913F0030363F31142AD
:108F20000B7A13F0070363F31A62CB7963F39E7233
:108F30000B7D63F3000291F8243063F34102026079
:108F40000A7910F130031C6862F307041C604A7947
:108F5000012A0BD18A79002A02D10022826007E01F
:108F60008A79012A04D10A68826001E001228260C4
:108F7000CA6802610A694261CA6982610A6AC26199
:108F80000A680262344A12680B7E03F0FF03120A79
:108F900012021A4391F8303003F0FF0363F31742D3
:108FA00091F8403003F0FF0363F31F6291F84830FB
:108FB00003F0FF0363F30F224264284A126891F81A
:108FC000383003F0FF03120A12021A4391F82830D6
:108FD00003F0FF0363F30F228264214A12688B7D42
:108FE00013F00303920892001A4391F8253013F00E
:108FF000030363F38B2291F82C3013F0030363F324
:10900000051291F8343013F0030363F3092291F849
:109010003C3013F0030363F3871291F8443013F0EC
:10902000030363F38302C2640E4A126891F84C3062
:1090300013F00703D208D2001A4391F84D3013F011
:10904000070363F306124265497D81670022100021
:1090500010BC70476CAF081070AF081074AF0810E8
:1090600078AF08107CAF0810016851F00041016032
:109070007047016821F000410160704781607047CE
:10908000806870477830016851F0010101607047D5
:1090900010F170010A6852F001020A60006F704717
:1090A000DFF890040178012905D1DFF88C145FF016
:1090B0007E520A6003E0DFF8801400220A6090ED1F
:1090C000010AB8EEC00ADFF8741481ED000A90EDD1
:1090D000020AB8EEC00ADFF8681481ED000A90EDCC
:1090E000030AB8EEC00ADFF85C1481ED000A90EDC7
:1090F000040AB8EEC00ADFF8501481ED000A90EDC2
:10910000050AB8EEC00ADFF8441481ED000A90EDBC
:10911000060AB8EEC00ADFF8380480ED000ADFF86E
:109120003404007B00EE100AB8EE400ADFF8280491
:1091300080ED000A704780B500F0B9FADFF8F4035B
:10914000002101704FF45E7141604FF47A718160CB
:10915000C021C160C0210161C0214161C021816184
:10916000FFF79EFF00F08CF8DFF8F003DFF8F01354
:10917000016001BD10B5DFF8DC43607B012830D110
:10918000DFF8E00390ED000AF7EE000A30EE200A67
:1091900080ED000A207B01280DD1DFF89803012122
:1091A00001700021062918DA34F8112000EB810340
:1091B0005A60491CF6E7DFF87C03002101704FF488
:1091C0005E7141604FF47A718160C021C160C0213D
:1091D0000161C0214161C0218161FFF761FF002071
:1091E000607310BDDFF84C03007870470100C9B20E
:1091F00000290CD00100C9B2072908DADFF83413BE
:109200000A78012A03D1C0B251F820001BE0C0B295
:10921000012809D016D303280CD008D305280DD077
:109220000AD306280CD00DE04FF45E700BE04FF42B
:109230007A7008E0C02006E0C02004E0C02002E010
:10924000C02000E0C020704710B50320FFF7CEFF1C
:1092500040F2E931884201DB012000E00020C0B289
:10926000002809D0C04C2078002808D10220FCF743
:10927000B1FB0120207002E00020BB49087010BD46
:1092800080B50020B94908700020B9490870002055
:10929000B84908700020B84908700620FDF70FF89B
:1092A00001BDF8B504000620FFF7A0FF40F2E93148
:1092B000884201DB012500E00025AC490878002840
:1092C00007D1AB480570012008700620FCF7F7FFB6
:1092D0004AE0FCF7E5FF002805D0A548057002200C
:1092E000FCF7EDFF40E0A24E28003178C0B2884282
:1092F00013D1A0480178052902DA0178491C0170D0
:109300000078052802DB01209B490870E4B2002C9C
:109310001FD10520FCF7D3FF26E02000C0B20028B3
:1093200008D0954F3878002804D0FCF798FF00202B
:10933000387009E0E4B2002C03D10520FCF7BFFF30
:1093400002E00620FCF7BBFF357000208949087059
:109350000AE089480078002803D10620FCF7AFFF17
:1093600002E00720FCF7ABFFF1BD000010B5FFF7EE
:1093700001FF0320FCF7CAFB002817D10520FCF7EA
:109380002AFCFFF77DFF0020774908700320FCF7D7
:1093900096FF7A490878002807D00020087078489E
:1093A000002101606D486E490160B0E0FFF71AFFCF
:1093B000012840F095800520FFF718FF40F2E931C1
:1093C000884201DB012400E00024FFF73DFFFCF7A9
:1093D00025FB002806D06A4800210160002067496B
:1093E000087094E02000C0B2FFF75BFFE4B2002CED
:1093F00066D00020FCF7EFFB60490878002804D114
:10940000012008705548564901600120FFF7EEFE23
:10941000B0F55E7000EE100AB8EEC00ADFED3C0A4F
:1094200080EE200ADFED3B0AB4EE600AF1EE10FA9E
:1094300006DADFED390AB4EE600AF1EE10FA2AD549
:109440004648D0ED000A30EE800A80ED000A07E0C1
:1094500090ED000ADFED310A30EE200A80ED000ABF
:1094600090ED000ADFED2E0AB4EE600AF1EE10FA7C
:10947000EEDA90ED000ADFED2B0AB4EE600AF1EEB1
:1094800010FA08D590ED000ADFED270A30EE200A29
:1094900080ED000AEDE70220FFF7A8FEB0F57A7034
:1094A00000EE100AB8EEC00ADFED200A80EE200AB6
:1094B000DFED1F0A20EE200A314880ED000A26E089
:1094C0000720FCF788FB2D49087800281FD00020D2
:1094D00008702B480021016020482149016016E0F6
:1094E0000620FCF778FBFFF7CBFE00201E49087032
:1094F0000420FCF7E4FE21490878002807D000206A
:1095000008701F480021016014481549016010BD12
:109510000000A643CECC4C3DCDCC4CBD0000B4C326
:1095200001003443000034C30000B44300402C4425
:10953000000048445C0702284010022878070228EF
:109540007C0702288007022884070228880702284F
:109550008C070228E80E0228481002283407022847
:109560000000344344100228AC100228AD10022839
:10957000AE100228AF100228B0100228AB1002284B
:10958000E00F022810B5022000F078F90400022054
:1095900000F08BF9200010BD10B400224B788C78BD
:1095A00053EA04235B055B0D1400E4B220F8143089
:1095B000521C8B78DBB2DB08DBB2CC7853EA441365
:1095C0005B055B0D1400E4B220F81430521CCB781C
:1095D000DBB29B09DBB20C7953EA84034C7953EA82
:1095E00084235B055B0D1400E4B220F81430521C98
:1095F0004B79DBB25B08DBB28C7953EAC4135B05B1
:109600005B0D1400E4B220F81430521C8B79DBB2ED
:109610001B09DBB2CC7953EA04135B055B0D140024
:10962000E4B220F81430521CCB79DBB2DB09DBB298
:109630000C7A53EA44034C7A53EA44235B055B0DEE
:109640001400E4B220F81430521CC97DC9B2890854
:1096500011F0010191F00101017301201F494873CC
:1096600010BC704738B5FFF78DFF40F6B93188421E
:1096700002D300201A4908701A4C194D287804EBBF
:1096800000010420F9F7EFFC00280FD02878401CD7
:1096900028702878192809D120780F2806D1207E33
:1096A000002803D121000D48FFF776FF31BD80B5BA
:1096B000042304220C490420F9F7FBFD00210220B9
:1096C00000F0FEF80949052000F067F901210420A7
:1096D000F9F770FD022000F0BDF801BDE80E022888
:1096E000BE100228F80D0228A08601006596081019
:1096F000022801D301200FE00B00DBB2042B01DBB9
:10970000012009E0A04B03EB8000C9B2405C82421B
:1097100001D3012000E000207047F8B506000F00DB
:1097200015001C00022E01D301201CE02A00390084
:10973000C9B23000FFF7DCFF012801D1012012E09F
:109740003800C0B2002811D1B4F5807F0CD28F4808
:109750007603304400EB850010F58050016864F317
:109760000F2101600020F2BD0120FCE7FFB2012FB4
:1097700010D1B4F5803F0BD284487603304400EB1F
:10978000850010F5A050016864F317210160E9E736
:109790000120E8E70120E6E700B20012C0B27047FE
:1097A000F8B505000E001700280000B2FFF7F4FF1F
:1097B00004002000C0B2022801D3012023E03A00B7
:1097C0003100C9B22000C0B2FFF792FF012801D1D9
:1097D000012018E06D492000C0B2400308442A006F
:1097E000D2B200EB8200D0F8000CF6B266F309208A
:1097F00067F30700E4B264032144EDB201EB850195
:10980000C1F8000C0020F2BD70B504000D00160078
:10981000022C01D301201CE032002900C9B2200033
:10982000FFF766FF012801D1012012E057496003CC
:10983000085850F0004050F0407050F47F00EDB2F6
:1098400065F3092066F30700620388506403085932
:10985000002070BD38B504004D4D2000C0B2C001DD
:10986000284410F5C070FFF7FFFBE4B2E40105EBFC
:10987000040010F5C070F9F7DFF931BD10B5040030
:1098800043482100C9B2C901084410F5C070FFF770
:10989000F7FB4049E4B2095D012902D14FF4FA51C6
:1098A00000E00821B0FBF1F010BD80B50021384A7E
:1098B000C0B2C001104410F5C070FFF7DFFB01BD5E
:1098C00070B594B004000D00502100226E463000A7
:1098D000F8F7AAFF2F482100C9B245540022012100
:1098E0002000C0B210F5BA7000B2FFF759FF200097
:1098F000C0B210F5BA7000B2FFF74EFF0923002284
:109900000121C0B2FFF709FF2000C0B210F5BA7004
:1099100000B2FFF741FF00220121C0B2FFF774FF40
:109920005FF0FF30009000208DF8040000208DF8DB
:10993000050000208DF8060000208DF808000320A7
:109940008DF844000120129001208DF80700104D81
:1099500069462000C0B2C001284410F5C070FFF76E
:10996000C3FA2000C0B2C001284410F5C070FFF750
:1099700080FB0021E4B2E40105EB040010F5C070A7
:10998000FFF77CFB14B070BDDCAE08100000044093
:10999000000059407C10022870470C4A1070107863
:1099A000052809D10800002803D1094809490860A1
:1099B0000BE00848016008E00800002803D10448D3
:1099C0000549086001E0044801607047BD100228A5
:1099D00099990810A00702289C070228022801D3A1
:1099E000012010E00B00DBB2042B01DB01200AE0B8
:1099F000DFF86C3303EB8000C9B2405C824201D3D4
:109A0000012000E000207047F8B506000F001500A7
:109A10001C00022E01D301201DE02A003900C9B22A
:109A20003000FFF7DBFF012801D1012013E03800EF
:109A3000C0B2002812D1B4F5807F0DD2DFF8240324
:109A40007603304400EB850010F58050016864F324
:109A50000F2101600020F2BD0120FCE7FFB2012FC1
:109A600011D1B4F5803F0CD2DFF8F8027603304410
:109A700000EB850010F5A050016864F31721016028
:109A8000E8E70120E7E70120E5E700B20012C0B2F5
:109A90007047F8B505000E001700280000B2FFF768
:109AA000F4FF04002000C0B2022801D3012023E00B
:109AB0003A003100C9B22000C0B2FFF78FFF012881
:109AC00001D1012018E0A7492000C0B2400308449A
:109AD0002A00D2B200EB8200D0F8000CF6B266F396
:109AE000092067F30700E4B264032144EDB201EBFF
:109AF0008501C1F8000C0020F2BD70B504000D0016
:109B00001600022C01D301201CE032002900C9B24A
:109B10002000FFF763FF012801D1012012E09149E5
:109B20006003085850F0004050F0407050F47F003F
:109B3000EDB265F3092066F3070062038850640301
:109B40000859002070BD80B50100C9B2032906DAAA
:109B50008549C0B2C0010844FFF79AFA07E083497B
:109B6000C0B2C0010844B0F5C070FFF791FA01BD62
:109B700070B596B004000D005021002202AE3000F6
:109B8000F8F752FE00262000C0B203286ADA00224D
:109B900001212000C0B200F2711000B2FFF779FF7E
:109BA0002000C0B200F2711000B2FFF76EFF09236F
:109BB00000220121C0B2FFF727FF2000C0B200F24F
:109BC000711000B2FFF761FF00220121C0B2FFF760
:109BD00094FF2000C0B210F5D570ADF8000002204F
:109BE000ADF8020001208DF8040003226048210036
:109BF000C9B250F821106846F9F78EFDED000295C4
:109C000000208DF80C0000208DF80D0000208DF84C
:109C10000E0000208DF8100003208DF84C0001206C
:109C2000149000208DF8540000208DF855004E4D02
:109C300002A92000C0B2C0012844FFF755F9200056
:109C4000C0B2C0012844FFF70FFA2000C0B2C00123
:109C50002844F8F7F1FFE4B2E40105EB0400FFF754
:109C600011FA7AE0002201212000C0B210F5B17093
:109C700000B2FFF70EFF2000C0B210F5B17000B2C5
:109C8000FFF703FF092300220121C0B2FFF7BCFE4A
:109C90002000C0B210F5B17000B2FFF7F6FE00224E
:109CA0000121C0B2FFF729FF2000C0B200F29B10D3
:109CB000ADF800000220ADF8020001208DF804008C
:109CC00003222B482100C9B250F821106846F9F749
:109CD00023FDED00002005E0B5F5803F01D3761CA3
:109CE0006D08401C0828F7DB02958DF80C600020F9
:109CF0008DF80D0000208DF80E0000208DF810006A
:109D000003208DF84C000120149000208DF85400A1
:109D100000208DF85500154D02A92000C0B2C001E9
:109D20002844B0F5C070FFF7DFF82000C0B2C001D2
:109D30002844B0F5C070FFF797F92000C0B2C00109
:109D40002844B0F5C070F8F777FFE4B2E40105EB02
:109D50000400B0F5C070FFF795F916B070BD0000B3
:109D6000DCAE08100000044000005940008058405C
:109D700010080228D0F8C80F7047C0F8C01FD0F8EC
:109D8000C00F7047D0F8880F7047C0F8801FD0F818
:109D9000800F704780B50020FFF7D5FEAF480178EF
:109DA000491C01700178052910DB0021017000F0C9
:109DB00067F9AB480168491C016000680A2805D1B1
:109DC000A8490878002801D10120087001BD80B59C
:109DD0000120FFF7B8FE01BD80B50220FFF7B3FEFA
:109DE00001BD80B5A0480168491C0160FAF788F9F7
:109DF0000320FFF7A8FE01BD80B50420FFF7A3FEF6
:109E0000FCF7F6F801BD80B5FFF7B0FA0520FFF7C3
:109E10009AFE01BD80B5FCF743FA002807D1FBF795
:109E2000FDFD002803D191499148FAF701FB062076
:109E3000FFF789FE01BD80B5FBF7F0FD002803D1D7
:109E40008A498B48FCF73EFA0720FFF77CFE01BDEC
:109E500080B50820FFF777FE01BD80B50920FFF728
:109E600072FE01BD80B50A20FFF76DFE01BD80B511
:109E70000B20FFF768FE01BD80B50C20FFF763FEE5
:109E800001BD80B50D20FFF75EFE01BD80B50E203F
:109E9000FFF759FE00F044F901BD704780B5082076
:109EA000FEF7C0FF0920FEF7BDFF01BD80B5102001
:109EB000FEF7B8FF1420FEF7B5FF01BD70477047ED
:109EC000704780B53720FEF7ADFF002801D0FEF7C0
:109ED000EBFC01BD70477047704770477047704793
:109EE00070477047704770477047704770477047BA
:109EF00070477047704780B50020F9F761F8FFF7A9
:109F000039FF400706D50020F9F75AF80421FFF77A
:109F100034FF0DE00020F9F753F8FFF733FF800519
:109F200006D50020F9F74CF84FF40071FFF72DFF2C
:109F300001BD80B50120F9F743F8FFF71BFF40078B
:109F400009D50120F9F73CF80421FFF716FF49482D
:109F5000006880470DE00120F9F732F8FFF712FFA3
:109F6000800506D50120F9F72BF84FF40071FFF7B3
:109F70000CFF01BD80B50220F9F722F8FFF7FAFEC9
:109F8000400713D50220F9F71BF80421FFF7F5FE6F
:109F9000FCF792F9002802D1FBF750FA14E0694669
:109FA0000220F9F760F80028F9D10DE00220F9F756
:109FB00007F8FFF7E7FE800506D50220F9F700F85D
:109FC0004FF40071FFF7E1FE01BD80B50320F8F703
:109FD000F7FFFFF7CFFE400706D50320F8F7F0FFA5
:109FE0000421FFF7CAFE0DE00320F8F7E9FFFFF7B1
:109FF000C9FE800506D50320F8F7E2FF4FF4007193
:10A00000FFF7C3FE01BD80B50420F8F7D9FFFFF7C5
:10A01000B1FE400712D50420F8F7D2FF0421FFF764
:10A02000ACFE154890ED000AF7EE000A30EE200A6B
:10A0300080ED000A1148006880470DE00420F8F721
:10A04000BFFFFFF79FFE800506D50420F8F7B8FF95
:10A050004FF40071FFF799FE01BD00009F10022828
:10A06000280F0228A01002282C0F022838070228E7
:10A07000E80F02289C0702284C100228A00702289B
:10A0800080B5FBF7AFFB22482249CA68C2600A6963
:10A0900002614A6942619FED1D0AD1ED000A60EE3E
:10A0A000800AC0ED000AD1ED010A60EE800AC0ED21
:10A0B000010AD1ED020A20EE800A80ED020A002199
:10A0C00081610021C1610021016213494A68026374
:10A0D0000A68C2628968816201684163416881637C
:10A0E0008168C16301BD10B5040006E00B4800F0B3
:10A0F00055F82000C0B2FEF732FE0520FEF7D8FB6F
:10A100000028F3D1FBF7EDFA10BD0000E12E654207
:10A110005C0C02285C0E0228440E0228E4AD0810F4
:10A12000F8B51948007800282DD00020174C0820D9
:10A130002060174D0420286008202860042020603B
:10A140000820206004202860002615E008202860F0
:10A15000104F0720FDF70CFF3100C9B227F811009E
:10A160000420FDF705FF3100C9B207EB4101A1F85A
:10A17000000108202060761C3000C0B28028E5DB9A
:10A18000012005490870F1BDBB10022808033140C9
:10A19000040331408C080228BC1002280EB4C0B55C
:10A1A000024603A800210190009101AB012104485F
:10A1B00078440C30F5F767FF06BC5DF810FB00BF74
:10A1C000850C000038B500F077F900F042F800F097
:10A1D000C9F871490868800312D4BFF34F8FBFF3E9
:10A1E0006F8F00206D4A1060BFF34F8FBFF36F8FEA
:10A1F000086850F400300860BFF34F8FBFF36F8FD3
:10A200000868C00324D40020654A1060BFF34F8F54
:10A2100064480268C2F34E33C2F3C90443F6E070E7
:10A2200010EA431050EA84705F4D28602000441EFD
:10A230000028F3D11800431E0028EDD1BFF34F8F43
:10A24000086850F480300860BFF34F8FBFF36F8F02
:10A2500031BD70B586B0684654491822F6F72EFF16
:10A2600000200AE069460200D2B201EBC20149684F
:10A27000491C11F0070F0DD1401C0100C9B2032980
:10A2800009D269460200D2B211F8321011F0070F5C
:10A29000E8D0FEE7FEE7464C207810F0070F00D02C
:10A2A000FEE7444D2868401C10F0070F00D0FEE781
:10A2B000002622E068463100C9B200EBC1004168C7
:10A2C0003000C0B252F8300000F043F814E0002033
:10A2D0000028EFD02168491E3000C0B252F830008B
:10A2E00000F037F868463100C9B200EBC1004168A0
:10A2F0002868401C00F02DF8761C3000C0B20328FE
:10A3000025D26A463000C0B252F83000002813D07F
:10A3100020683100C9B252F8311088420AD3684629
:10A320003100C9B200EBC10040682168884201D306
:10A330000120CDE70020CBE768463100C9B200EB31
:10A34000C100406821688842C1D30120C0E706B03F
:10A3500070BD0022002302E0C0E9002308308842DB
:10A36000FAD3704730B4144880081449144A0023C3
:10A3700008E01C00E4B252F824401D00EDB241F8A0
:10A3800025405B1C1C000500E4B2EDB2AC42F0D3EA
:10A390000C48016030BC704714ED00E050EF00E065
:10A3A00084ED00E080ED00E060EF00E0FCAD08101F
:10A3B000B0A90810B4A908108000000000110228FC
:10A3C0000000081008ED00E010B5002042490860C8
:10A3D000BFF34F8F41480168C1F34E32C1F3C90347
:10A3E00043F6E07010EA421050EA83703C4C206063
:10A3F0001800431E0028F3D11000421E0028EDD1A2
:10A40000BFF34F8FBFF36F8FBFF34F8FBFF36F8FCC
:10A41000002034490860BFF34F8FBFF36F8F00F007
:10A4200001F810BD38B586B068462F491822F6F7F6
:10A4300045FE6846FDF7BAF8C0B200280DD02B4C97
:10A4400018222B492000FDF77DFB0020E0754E20EF
:10A45000284908600020FDF7ADFB274D2800FDF7D7
:10A4600047FBC0B200280DD0204C18222049200004
:10A47000FDF768FB0020E07550201E4908600020B1
:10A48000FDF798FB1D49286808600A681C48821877
:10A490001C48B2FBF0F01C4A10601C48096801F22D
:10A4A000E7314FF47A72B1FBF2F101600068C0034A
:10A4B0001749086007B030BD80B500F02DF8154988
:10A4C0000A6852F470020A60BFF34F8FBFF36F8FB8
:10A4D00000F026F801BD000084ED00E080ED00E012
:10A4E00074EF00E050EF00E014AE08102C0E0228CC
:10A4F000B8A90810B80F02285010022854100228DA
:10A500003F420F0040420F005C1002285810022802
:10A510006010022888ED00E0EFF3108072B67047FB
:10A5200080F3108870470000010009B2002908D4A8
:10A53000012210F01F018A404F4900B2400941F842
:10A5400020207047FEE780B54C4800684C48016801
:10A550000800C00F002805D04A488905890D50F829
:10A56000210080470020FFF7DFFF01BD80B546488E
:10A570000068464801680800C00F002805D041481F
:10A580008905890D50F8210080470120FFF7CCFF95
:10A5900001BD80B53E4800683E4801680800C00F14
:10A5A000002805D037488905890D50F821008047DB
:10A5B0000220FFF7B9FF01BD80B537480068374872
:10A5C00001680800C00F002805D02E488905890DB4
:10A5D00050F8210080470320FFF7A6FF01BD80B59A
:10A5E0002F4800682F4801680800C00F002805D0D8
:10A5F00024488905890D50F8210080470420FFF781
:10A6000093FF01BD80B5284800682848016808000C
:10A61000C00F002805D01B488905890D50F821007E
:10A6200080470520FFF780FF01BD80B52048006806
:10A63000204801680800C00F002805D0114889058E
:10A64000890D50F8210080470620FFF76DFF01BDFE
:10A6500080B519480068194801680800C00F002833
:10A6600005D008488905890D50F82100804707204A
:10A67000FFF75AFF01BD000080E200E00CAF0810B8
:10A68000000120400000022810AF08100401204003
:10A6900014AF08100801204018AF08100C0120402A
:10A6A0001CAF08101001204020AF081014012040FA
:10A6B00024AF08101801204028AF08101C012040CA
:10A6C00010B52E4800F05EF8F8F77DF8F9F704F8B9
:10A6D000FBF7E2FAFBF78CFC03230122012198200F
:10A6E000FEF74DFB9820FFF7FEFC4FF47A71002037
:10A6F000FFF73EFAF9F72CFBFAF7A0FFFEF71BFD78
:10A7000042F2107421000520FFF732FA00F048F8F9
:10A7100021000420FFF72CFA4FF47A710720FFF78D
:10A7200027FA4FF47A710320FFF722FA0020F8F796
:10A73000CBFF4FF47A70FEF751FA0020F8F7C4FF10
:10A740004FF47A70FEF74AFAFBF757FA002801D067
:10A75000FAF713FEFAF731FE09480178491C017037
:10A760000178642903DB0021017000F03DF8FBF75C
:10A770009BFB0120FEF732FAE6E700BF80B2E60E4F
:10A78000AA10022880B505490860FFF71DFEFEF7F4
:10A7900054FA0020F8F798FF01BD00006410022869
:10A7A00010B502210020FDF737FC274C08210020BE
:10A7B000FDF714FC2080208800EE100AB8EE400A55
:10A7C000DFED1E0A80EE200ADFED1D0A20EE200AD2
:10A7D000F2EE060A20EE200A1C4880ED000A012055
:10A7E0001B49087010BD000010B5194800780028FA
:10A7F00023D0154C08210020FDF7F0FB2080208895
:10A8000000EE100AB8EE400ADFED0C0A80EE200AD6
:10A81000DFED0B0A20EE200AF2EE060A20EE200AF7
:10A820000A48D0ED000A30EE600ADFED060A90ED2E
:10A83000001A00EE201A80ED001A10BD00F07F45CE
:10A84000333353408FC2F53D84100228240F022871
:10A850009E1002288C0E0228900E0228940E0228C8
:10A86000980E02289C0E0228EC0F0228F00F0228F6
:10A87000F40F0228F80F0228FC0F0228001002280B
:10A8800004100228081002280C100228E00F0228E9
:10A8900034070228E40F0228281002282C1002286E
:10A8A00030100228E80F022838070228101002286A
:10A8B00014100228181002281C1002282010022848
:10A8C000241002281007022814070228180702285B
:10A8D0001C0702282007022824070228280702282C
:10A8E0002C070228300702284C07022850070228AC
:10A8F00054070228580702283C070228400702286C
:10A90000440702284807022872B61D4908684FEA22
:10A91000102000F00F000E2808BF1A490D2808BFAC
:10A920001949072808BF1949082808BF18490868A5
:10A9300020F00B0008600868BFF34F8F15481649D8
:10A940000860BFF34F8F1549086840F007000860A2
:10A950001349086840F007000860BFF34F8FBFF34A
:10A960006F8F00200021124AE2E802016A45FBD104
:10A970000C4FB8470C4FB8470C4FB847FEE70000E4
:10A98000000020400C0020400C0420400C08204017
:10A990000C0C20400000081008ED00E090EF00E0F3
:10A9A00094EF00E0C5A1081069AC0810C9AD08100B
:10A9B00000FF0728FFFF0728443A5C6C6561726E50
:10A9C000706C6163655C5A5A5A5F4C554E545549D8
:10A9D0005C6C69627261726965735C73646B5C74F0
:10A9E0007669696268346D5C7372635C73797374E1
:10A9F000656D5C73797374656D5F7476696962689F
:10AA0000346D5F636D372E6300000000443A5C6C68
:10AA10006561726E706C6163655C5A5A5A5F4C5521
:10AA20004E5455495C6C69627261726965735C73FE
:10AA3000646B5C747669696268346D5C7372635CC4
:10AA4000647269766572735C737973636C6B5C6353
:10AA5000795F737973636C6B2E680000443A5C6CA9
:10AA60006561726E706C6163655C5A5A5A5F4C55D1
:10AA70004E5455495C6C69627261726965735C73AE
:10AA8000646B5C747669696268346D5C7372635C74
:10AA9000647269766572735C737973636C6B5C6303
:10AAA000795F737973636C6B2E630000443A5C6C5E
:10AAB0006561726E706C6163655C5A5A5A5F4C5581
:10AAC0004E5455495C6C69627261726965735C7A57
:10AAD000665F6465766963655C7A665F64657669FE
:10AAE00063655F696D7536363072632E63000000F2
:10AAF000443A5C6C6561726E706C6163655C5A5A55
:10AB00005A5F4C554E5455495C6C6962726172696A
:10AB100065735C7A665F636F6D6D6F6E5C7A665F9E
:10AB2000636F6D6D6F6E5F6669666F2E6300000008
:10AB3000443A5C6C6561726E706C6163655C5A5A14
:10AB40005A5F4C554E5455495C6C6962726172692A
:10AB500065735C7A665F6472697665725C7A665F5B
:10AB60006472697665725F6164632E630000000041
:10AB7000443A5C6C6561726E706C6163655C5A5AD4
:10AB80005A5F4C554E5455495C6C696272617269EA
:10AB900065735C7A665F6472697665725C7A665F1B
:10ABA0006472697665725F70776D2E6300000000D5
:10ABB000443A5C6C6561726E706C6163655C5A5A94
:10ABC0005A5F4C554E5455495C6C696272617269AA
:10ABD00065735C7A665F6472697665725C7A665FDB
:10ABE0006472697665725F7370692E63000000009D
:10ABF000443A5C6C6561726E706C6163655C5A5A54
:10AC00005A5F4C554E5455495C6C69627261726969
:10AC100065735C7A665F6472697665725C7A665F9A
:10AC20006472697665725F756172742E63000000EC
:10AC300030B4002512E050F8042BD30744BF4A4437
:10AC4000521E091F042942F8045BFAD213468C07EE
:10AC500044BF15809B1CC90748BF1D7050F8041BDA
:10AC60000029E8D130BC704710B507497944183144
:10AC7000064C7C44163404E00A68081D11448847D9
:10AC80000146A142F8D110BD2C0000004800000090
:10AC90004EF68851CEF20001086840F4700008605A
:10ACA000BFF34F8FBFF36F8F4FF00170E1EE100ACB
:10ACB000704700007DFFFFFF340800008C08022869
:10ACC000000000006B62FFFFC8030000A00200004C
:10ACD0000000022804207146084202D0EFF30980E8
:10ACE00001E0EFF3088000B50149884700BD00008E
:10ACF000B97B081080B58DF800000122694601205B
:10AD0000F7F7F9FC012802D19DF8000002BD4FF0D1
:10AD1000FF3002BD00000000000000000000000045
:10AD2000801C800803D0401C801EFCD100BF7047EF
:10AD3000EFF3108072B6704780F310887047000000
:10AD400000F00EF8002801D0FFF78EFFAFF300806F
:10AD50000020AFF30080FFF7B3FC00F003F8000021
:10AD60000020704700F000B807463846F6F72EFC82
:10AD7000FBE700000D0A66696C65202573206C698D
:10AD80006E652025643A2025732E0D0A0000000010
:10AD9000696D7536363072632073656C6620636842
:10ADA00065636B206572726F722E0000042071461D
:10ADB000084201D0EFF30980EFF3088000B50149A4
:10ADC000884700BDD1AE08100548014603B4684667
:10ADD00080F30988AFF30080FFF75AFFFFF7B0FF59
:10ADE000A5EDF5FE0D0A494D553636305243206922
:10ADF0006E6974206572726F722E00000000022866
:10AE0000FFFF072800000020FF3F00200000000097
:10AE1000FF3F000000127A00000000000024F40050
:10AE20000080000000800000008000000D0A6669BC
:10AE30006C65202573206C696E652025642E0D0AD3
:10AE40000000000038B504460D462846FFF752FFC3
:10AE5000A84218BF0024204632BD000066696C6518
:10AE60003A206D646B2F25730000000041737365F9
:10AE70007274206572726F72000000000E00000094
:10AE800001000000FA00CE041400000001000000E0
:10AE9000FA00CE041000000000000000FA00CE040A
:10AEA0001100000000000000FA00CE0466696C6525
:10AEB0003A202573000000006C696E653A20256415
:10AEC000000000004C6F67206D657373616765005B
:10AED000816911F8021CC9B20160704703010000CA
:10AEE000101100105345542D5A45524F00000000D8
:10AEF0000000000000000000000000000000000052
:10AF00000000000000000000000000000000000041
:10AF10000000000000000000000000000000000031
:10AF20000000000000000000000000000000000021
:10AF30000000000000000000000000000000000011
:10AF40000000000000000000000000000000000001
:10AF500000000000000000000000000000000000F1
:10AF600000000000000000000000000000000000E1
:10AF700000000000000000000000000000000000D1
:10AF800000000000000000000000000000000000C1
:10AF9000000000000000000000000000CDCC0C3FCD
:10AFA0006F12833AA69B443B6F12833ACDCC4C3D43
:10AFB000CDCC4C3DCDCCCC3C17B751390000000076
:10AFC000FE6546419A99193E9A99193E00007041D2
:10AFD00000000000000000000000000000003443FA
:10AFE0000000000000000000000000000000000061
:10AFF00000000000CDCC4C3DCDCCCC3FBC74933C8C
:10B0000017B7513A52499D3A0000344200000000FF
:10B010000000000048E16E41A69B443C0000603FF8
:10B020000AD7233C0AD7233C6F12033B00000000E1
:10B030000AD7233C00002041000000000AD7A33DAE
:10B040000AD7233C0AD7A3BD0AD7233D0000803F7F
:10B050002063863FFFF7FEBFFFF73CBEFFF73ABE17
:10B06000FFF738BEFFF7FEBFFFF7FEBFFFF7FEBFDB
:10B07000FFF7FEBFFFF7FEBFFFF7FEBFFFF7FEBF04
:10B08000FFF7FEBFFFF7FEBFFFF7FEBFFFF7FEBFF4
:10B09000F002FF45A5081004F1FF04F1FF04F1FFE1
:10B0A00004F1FF04F1FF04F1770410090000022805
:10B0B000FA000000EE02000123344306E1102002F2
:10B0C000CDCCCC3D04200217B7D13804210C60024E
:10B0D000000020410820020AD7233C2C1108212817
:10B0E000200F3FBC74933C17B7513A52499D3A0A1E
:10B0F000D7A3BD1820060000803F2063863F501074
:10B100000378030000E804C3C00004100500005EDB
:10B110004400007A04A3404304830F0001200299F5
:10B12000990810041004000090400010041006203C
:10B1300090409B9E08109D0412AD0412BD0412BFE6
:10B140000412C10412C30412D50412D70412D90484
:10B1500012DB0412DD0412DF0412E10412E3041214
:10B16000E50412E70412E90412EB0412ED0412EFF5
:10B170000412F10412F30412F5041003959D081053
:10B18000CF0412D90412E30412F90412071812159D
:10B1900004123704125104125B04126504126F0486
:10B1A000127904128304128D041005000067400018
:10B1B00000680412690410016640F7141003339FFD
:10B1C0000810750412CB042307A02412601C12651A
:10B1D0000412640412630420026240770101020633
:10B1E000000000000000000000000000000000005F
:10B1F000000000000000000000000000000000004F
:10B20000000000000000000000000000000000003E
:10B21000000000000000000000000000000000002E
:10B22000000000000000000000000000000000001E
:10B23000000000000000000000000000000000000E
:10B2400000000000000000000000000000000000FE
:040000051008ADC969
:00000001FF
